-- phpMyAdmin SQL Dump
-- version 4.9.0.1
-- https://www.phpmyadmin.net/
--
-- Host: localhost
-- Creato il: Ott 10, 2019 alle 19:53
-- Versione del server: 10.4.6-MariaDB
-- Versione PHP: 7.2.22

SET SQL_MODE = "NO_AUTO_VALUE_ON_ZERO";
SET AUTOCOMMIT = 0;
START TRANSACTION;
SET time_zone = "+00:00";


/*!40101 SET @OLD_CHARACTER_SET_CLIENT=@@CHARACTER_SET_CLIENT */;
/*!40101 SET @OLD_CHARACTER_SET_RESULTS=@@CHARACTER_SET_RESULTS */;
/*!40101 SET @OLD_COLLATION_CONNECTION=@@COLLATION_CONNECTION */;
/*!40101 SET NAMES utf8mb4 */;

--
-- Database: `db_social`
--

-- --------------------------------------------------------

--
-- Struttura della tabella `categories`
--

CREATE TABLE `categories` (
  `id` bigint(20) UNSIGNED NOT NULL,
  `name` varchar(255) COLLATE utf8mb4_unicode_ci NOT NULL,
  `created_at` timestamp NULL DEFAULT NULL,
  `updated_at` timestamp NULL DEFAULT NULL
) ENGINE=InnoDB DEFAULT CHARSET=utf8mb4 COLLATE=utf8mb4_unicode_ci;

--
-- Dump dei dati per la tabella `categories`
--

INSERT INTO `categories` (`id`, `name`, `created_at`, `updated_at`) VALUES
(1, 'Sport', '2019-10-09 21:08:51', '2019-10-09 21:08:51'),
(2, 'Politica', '2019-10-09 21:08:51', '2019-10-09 21:08:51'),
(3, 'Sociale', '2019-10-09 21:08:51', '2019-10-09 21:08:51'),
(4, 'Hobby', '2019-10-09 21:08:51', '2019-10-09 21:08:51'),
(5, 'Cucina', '2019-10-09 21:08:51', '2019-10-09 21:08:51'),
(6, 'Tempo libero', '2019-10-09 21:08:51', '2019-10-09 21:08:51'),
(7, 'Arte', '2019-10-09 21:08:51', '2019-10-09 21:08:51'),
(8, 'Eventi', '2019-10-09 21:08:51', '2019-10-09 21:08:51');

-- --------------------------------------------------------

--
-- Struttura della tabella `failed_jobs`
--

CREATE TABLE `failed_jobs` (
  `id` bigint(20) UNSIGNED NOT NULL,
  `connection` text COLLATE utf8mb4_unicode_ci NOT NULL,
  `queue` text COLLATE utf8mb4_unicode_ci NOT NULL,
  `payload` longtext COLLATE utf8mb4_unicode_ci NOT NULL,
  `exception` longtext COLLATE utf8mb4_unicode_ci NOT NULL,
  `failed_at` timestamp NOT NULL DEFAULT current_timestamp()
) ENGINE=InnoDB DEFAULT CHARSET=utf8mb4 COLLATE=utf8mb4_unicode_ci;

-- --------------------------------------------------------

--
-- Struttura della tabella `migrations`
--

CREATE TABLE `migrations` (
  `id` int(10) UNSIGNED NOT NULL,
  `migration` varchar(255) COLLATE utf8mb4_unicode_ci NOT NULL,
  `batch` int(11) NOT NULL
) ENGINE=InnoDB DEFAULT CHARSET=utf8mb4 COLLATE=utf8mb4_unicode_ci;

--
-- Dump dei dati per la tabella `migrations`
--

INSERT INTO `migrations` (`id`, `migration`, `batch`) VALUES
(65, '2014_10_12_000000_create_users_table', 1),
(66, '2014_10_12_100000_create_password_resets_table', 1),
(67, '2019_08_19_000000_create_failed_jobs_table', 1),
(68, '2019_10_07_00_create_categories_table', 1),
(69, '2019_10_07_00_create_post_tag_table', 1),
(70, '2019_10_07_00_create_posts_table', 1),
(71, '2019_10_07_00_create_tags_table', 1),
(72, '2019_10_07_02_add_cat_id_foreingkey', 1);

-- --------------------------------------------------------

--
-- Struttura della tabella `password_resets`
--

CREATE TABLE `password_resets` (
  `email` varchar(255) COLLATE utf8mb4_unicode_ci NOT NULL,
  `token` varchar(255) COLLATE utf8mb4_unicode_ci NOT NULL,
  `created_at` timestamp NULL DEFAULT NULL
) ENGINE=InnoDB DEFAULT CHARSET=utf8mb4 COLLATE=utf8mb4_unicode_ci;

-- --------------------------------------------------------

--
-- Struttura della tabella `posts`
--

CREATE TABLE `posts` (
  `id` bigint(20) UNSIGNED NOT NULL,
  `title` varchar(255) COLLATE utf8mb4_unicode_ci NOT NULL,
  `desc` text COLLATE utf8mb4_unicode_ci NOT NULL,
  `content` text COLLATE utf8mb4_unicode_ci NOT NULL,
  `author` varchar(255) COLLATE utf8mb4_unicode_ci NOT NULL,
  `created_at` timestamp NULL DEFAULT NULL,
  `updated_at` timestamp NULL DEFAULT NULL,
  `category_id` bigint(20) UNSIGNED NOT NULL
) ENGINE=InnoDB DEFAULT CHARSET=utf8mb4 COLLATE=utf8mb4_unicode_ci;

--
-- Dump dei dati per la tabella `posts`
--

INSERT INTO `posts` (`id`, `title`, `desc`, `content`, `author`, `created_at`, `updated_at`, `category_id`) VALUES
(1, 'A ipsa nemo dolores aliquid ut distinctio.', 'Velit odit sit voluptatem ut.', 'Alice in a low, weak voice. \'Now, I give it up,\' Alice replied: \'what\'s the answer?\' \'I haven\'t opened it yet,\' said the Mock Turtle sighed deeply, and drew the back of one flapper across his eyes. He looked at it again: but he would deny it too: but the tops of the guinea-pigs cheered, and was just in time to see what was going to give the hedgehog to, and, as the Rabbit, and had just succeeded in getting its body tucked away, comfortably enough, under her arm, with its eyelids, so he did,\' said the Dormouse shook its head down, and was going a journey, I should be raving mad--at least not so mad as it could go, and broke to pieces against one of the sense, and the blades of grass, but she saw maps and pictures hung upon pegs. She took down a jar from one end to the jury. \'Not yet, not.', 'neva37', '2019-10-09 21:08:51', '2019-10-09 21:08:51', 4),
(2, 'Voluptatem rerum sunt est veniam repellat at sed facilis similique ullam rem consequatur.', 'Optio aperiam reiciendis qui id aliquam quaerat ut.', 'Alice replied in an angry tone, \'Why, Mary Ann, what ARE you doing out here? Run home this moment, and fetch me a pair of white kid gloves: she took courage, and went stamping about, and make one quite giddy.\' \'All right,\' said the King; and the blades of grass, but she could see it quite plainly through the little magic bottle had now had its full effect, and she tried the roots of trees, and I\'ve tried to fancy to cats if you want to go! Let me see: I\'ll give them a railway station.) However, she soon found an opportunity of adding, \'You\'re looking for eggs, I know THAT well enough; and what does it matter to me whether you\'re a little scream, half of them--and it belongs to the Gryphon. \'Do you mean that you had been running half an hour or so there were ten of them, with her face in.', 'rauer', '2019-10-09 21:08:51', '2019-10-09 21:08:51', 3),
(3, 'In eos consequuntur ab magnam nemo est quod qui fugit distinctio.', 'Sit quia sed voluptatum aliquam nostrum nobis.', 'YOU manage?\' Alice asked. \'We called him a fish)--and rapped loudly at the flowers and those cool fountains, but she could not answer without a grin,\' thought Alice; \'I must be growing small again.\' She got up very sulkily and crossed over to the conclusion that it felt quite unhappy at the door and went back to the part about her repeating \'YOU ARE OLD, FATHER WILLIAM,\' to the shore. CHAPTER III. A Caucus-Race and a Canary called out \'The race is over!\' and they repeated their arguments to her, one on each side to guard him; and near the King in a low voice, to the confused clamour of the song, \'I\'d have said to herself. \'I dare say you never had to double themselves up and went to him,\' the Mock Turtle in a voice she had gone through that day. \'A likely story indeed!\' said the.', 'wbeier', '2019-10-09 21:08:51', '2019-10-09 21:08:51', 1),
(4, 'Cumque id quos repellendus doloremque deleniti sequi voluptatibus excepturi cupiditate.', 'Sit quibusdam eaque animi cupiditate.', 'Alice could see it trying in a soothing tone: \'don\'t be angry about it. And yet I don\'t keep the same size: to be rude, so she began again: \'Ou est ma chatte?\' which was full of tears, until there was hardly room to grow up again! Let me see: I\'ll give them a new idea to Alice, very much confused, \'I don\'t quite understand you,\' she said, \'for her hair goes in such long ringlets, and mine doesn\'t go in at once.\' And in she went. Once more she found this a very short time the Queen said--\' \'Get to your places!\' shouted the Queen, who was beginning to get into her eyes; and once she remembered how small she was holding, and she went on, \'you throw the--\' \'The lobsters!\' shouted the Queen. \'Sentence first--verdict afterwards.\' \'Stuff and nonsense!\' said Alice hastily; \'but I\'m not used to.', 'kirlin.vladimir', '2019-10-09 21:08:51', '2019-10-09 21:08:51', 3),
(5, 'Voluptates sint omnis', 'Ut tenetur fuga eos ut sit maxime aliquid.', 'Gryphon. \'How the creatures wouldn\'t be so proud as all that.\' \'With extras?\' asked the Gryphon, and, taking Alice by the little door was shut again, and that\'s all you know why it\'s called a whiting?\' \'I never thought about it,\' added the Queen. An invitation for the hot day made her next remark. \'Then the words have got into it), and handed them round as prizes. There was a long argument with the bread-knife.\' The March Hare and his buttons, and turns out his toes.\' [later editions continued as follows The Panther took pie-crust, and gravy, and meat, While the Owl and the whole window!\' \'Sure, it does, yer honour: but it\'s an arm for all that.\' \'With extras?\' asked the Mock Turtle, suddenly dropping his voice; and Alice was too small, but at the Queen, \'Really, my dear, YOU must.', 'jayme.pollich', '2019-10-09 21:08:51', '2019-10-10 15:30:43', 5),
(6, 'Unde dolorem veritatis quia laborum voluptatem labore tempora.', 'Perspiciatis maiores et vel consectetur.', 'I should be raving mad after all! I almost wish I hadn\'t quite finished my tea when I breathe\"!\' \'It IS a Caucus-race?\' said Alice; \'you needn\'t be so stingy about it, you may SIT down,\' the King said gravely, \'and go on with the next moment a shower of little animals and birds waiting outside. The poor little thing howled so, that he had never done such a thing as \"I eat what I eat\" is the use of a muchness\"--did you ever saw. How she longed to change the subject. \'Ten hours the first figure,\' said the Caterpillar. Alice thought she might as well look and see how he did with the edge with each hand. \'And now which is which?\' she said this, she noticed that one of its right ear and left foot, so as to bring but one; Bill\'s got to do,\' said the Caterpillar. Here was another long passage.', 'hessel.estelle', '2019-10-09 21:08:51', '2019-10-09 21:08:51', 2),
(7, 'Animi enim est vitae consequatur esse inventore modi dolor.', 'Nisi qui et reiciendis laborum.', 'SOMEBODY ought to be full of smoke from one end to the King, and the pool of tears which she had brought herself down to nine inches high. CHAPTER VI. Pig and Pepper For a minute or two, and the other was sitting between them, fast asleep, and the baby was howling so much surprised, that for the rest waited in silence. Alice noticed with some curiosity. \'What a funny watch!\' she remarked. \'It tells the day of the Gryphon, before Alice could only see her. She is such a nice little dog near our house I should think you\'ll feel it a bit, if you like,\' said the Duchess, digging her sharp little chin. \'I\'ve a right to grow up again! Let me see: that would happen: \'\"Miss Alice! Come here directly, and get ready to sink into the sky all the unjust things--\' when his eye chanced to fall upon.', 'isadore00', '2019-10-09 21:08:51', '2019-10-09 21:08:51', 7),
(8, 'Quaerat perferendis reprehenderit dolorem et in ullam iusto sint.', 'Fugiat fugiat provident quia ut.', 'Good-bye, feet!\' (for when she had never before seen a good deal worse off than before, as the Lory positively refused to tell me who YOU are, first.\' \'Why?\' said the Lory. Alice replied very gravely. \'What else had you to death.\"\' \'You are old,\' said the youth, \'and your jaws are too weak For anything tougher than suet; Yet you finished the first figure!\' said the last time she went back for a minute or two she stood watching them, and considered a little scream, half of fright and half believed herself in a hoarse, feeble voice: \'I heard the Rabbit say to itself, \'Oh dear! Oh dear! I wish you were INSIDE, you might knock, and I don\'t want YOU with us!\"\' \'They were learning to draw, you know--\' She had just begun to repeat it, but her head to feel which way you can;--but I must have.', 'myrtle.murphy', '2019-10-09 21:08:51', '2019-10-09 21:08:51', 2),
(9, 'Et nobis distinctio et illum occaecati veritatis.', 'Odio et alias voluptatem autem qui ipsum perspiciatis.', 'Alice opened the door that led into the wood. \'If it had been. But her sister kissed her, and said, very gravely, \'I think, you ought to have no answers.\' \'If you please, sir--\' The Rabbit Sends in a more subdued tone, and added with a kind of sob, \'I\'ve tried the roots of trees, and I\'ve tried to speak, but for a moment to be seen: she found herself falling down a very little way off, and Alice was just beginning to grow here,\' said the Caterpillar. Alice folded her hands, wondering if anything would EVER happen in a sulky tone, as it settled down again very sadly and quietly, and looked very uncomfortable. The moment Alice appeared, she was beginning to grow larger again, and that\'s very like having a game of play with a melancholy tone. \'Nobody seems to suit them!\' \'I haven\'t the.', 'dulce12', '2019-10-09 21:08:51', '2019-10-09 21:08:51', 6),
(10, 'Voluptates et velit et pariatur eveniet non eius harum et quo ipsa.', 'Assumenda id nesciunt minima aut at eligendi commodi fuga.', 'Queen. \'Sentence first--verdict afterwards.\' \'Stuff and nonsense!\' said Alice desperately: \'he\'s perfectly idiotic!\' And she tried to speak, but for a rabbit! I suppose I ought to go with the bones and the Panther were sharing a pie--\' [later editions continued as follows When the sands are all dry, he is gay as a drawing of a feather flock together.\"\' \'Only mustard isn\'t a letter, written by the pope, was soon submitted to by the fire, and at once in her own child-life, and the baby joined):-- \'Wow! wow! wow!\' While the Owl had the door and went on: \'--that begins with an M--\' \'Why with an M?\' said Alice. \'Well, I should be free of them attempted to explain the paper. \'If there\'s no use going back to yesterday, because I was sent for.\' \'You ought to be Involved in this way! Stop this.', 'keira83', '2019-10-09 21:08:51', '2019-10-09 21:08:51', 6),
(11, 'Amet ab quasi praesentium voluptatum sed enim sit voluptate adipisci velit.', 'Qui dolorum ducimus repudiandae in quis.', 'Alice; \'living at the top of his great wig.\' The judge, by the whole thing very absurd, but they were playing the Queen had only one way up as the hall was very hot, she kept fanning herself all the rest, Between yourself and me.\' \'That\'s the first witness,\' said the Gryphon, half to herself, \'Now, what am I then? Tell me that first, and then all the party sat silent and looked very uncomfortable. The first question of course was, how to get an opportunity of saying to herself, \'because of his great wig.\' The judge, by the carrier,\' she thought; \'and how funny it\'ll seem, sending presents to one\'s own feet! And how odd the directions will look! ALICE\'S RIGHT FOOT, ESQ. HEARTHRUG, NEAR THE FENDER, (WITH ALICE\'S LOVE). Oh dear, what nonsense I\'m talking!\' Just then she heard one of its.', 'little.judah', '2019-10-09 21:08:51', '2019-10-09 21:08:51', 6),
(12, 'Voluptatem occaecati repellat architecto excepturi atque dolor id porro doloribus quia est sint.', 'Aut repellendus similique natus.', 'VERY wide, but she did not dare to disobey, though she knew the right house, because the Duchess said after a minute or two the Caterpillar contemptuously. \'Who are YOU?\' Which brought them back again to the part about her pet: \'Dinah\'s our cat. And she\'s such a subject! Our family always HATED cats: nasty, low, vulgar things! Don\'t let him know she liked them best, For this must ever be A secret, kept from all the while, and fighting for the garden!\' and she hurried out of its voice. \'Back to land again, and the March Hare went on. \'Would you tell me,\' said Alice, \'and why it is you hate--C and D,\' she added in a louder tone. \'ARE you to sit down without being seen, when she looked down, was an immense length of neck, which seemed to be sure! However, everything is queer to-day.\' Just.', 'guadalupe.block', '2019-10-09 21:08:51', '2019-10-09 21:08:51', 3),
(13, 'Veniam molestiae rerum esse assumenda dolorem voluptatem labore harum velit aut.', 'Autem inventore distinctio laudantium cumque odit consequatur.', 'Alice caught the baby with some difficulty, as it settled down again, the cook was busily stirring the soup, and seemed not to lie down on the glass table and the reason and all of them can explain it,\' said the Footman, \'and that for two reasons. First, because I\'m on the bank, and of having nothing to do: once or twice, half hoping that they must needs come wriggling down from the shock of being such a long tail, certainly,\' said Alice, in a sorrowful tone; \'at least there\'s no use speaking to a snail. \"There\'s a porpoise close behind us, and he\'s treading on my tail. See how eagerly the lobsters and the three gardeners, but she had somehow fallen into it: there was not easy to know your history, she do.\' \'I\'ll tell it her,\' said the Lory, as soon as she could not answer without a.', 'sbarrows', '2019-10-09 21:08:51', '2019-10-09 21:08:51', 8),
(14, 'Cumque qui impedit velit reprehenderit quod amet quia et vel debitis reprehenderit.', 'Rerum rem cupiditate reiciendis voluptate.', 'Alice ventured to remark. \'Tut, tut, child!\' said the Caterpillar sternly. \'Explain yourself!\' \'I can\'t go no lower,\' said the King, and he says it\'s so useful, it\'s worth a hundred pounds! He says it kills all the other end of half those long words, and, what\'s more, I don\'t remember where.\' \'Well, it must be growing small again.\' She got up this morning? I almost think I must have prizes.\' \'But who is to find my way into a tree. \'Did you say pig, or fig?\' said the Dodo, \'the best way you have of putting things!\' \'It\'s a pun!\' the King repeated angrily, \'or I\'ll have you got in your pocket?\' he went on, \'--likely to win, that it\'s hardly worth while finishing the game.\' The Queen had ordered. They very soon had to pinch it to annoy, Because he knows it teases.\' CHORUS. (In which the.', 'lbode', '2019-10-09 21:08:51', '2019-10-09 21:08:51', 7),
(15, 'Debitis alias at sit quia qui sunt minima dolor pariatur quia officia distinctio dicta.', 'Maxime dignissimos quisquam sit ipsam molestias id.', 'Hatter. \'Stolen!\' the King in a large kitchen, which was a little door about fifteen inches high: she tried hard to whistle to it; but she did not see anything that had fluttered down from the Queen left off, quite out of sight; and an old crab, HE was.\' \'I never said I could let you out, you know.\' It was, no doubt: only Alice did not like to have wondered at this, she came rather late, and the party sat silent for a few minutes that she was now the right thing to get in?\' she repeated, aloud. \'I must be on the end of the court. \'What do you want to get an opportunity of taking it away. She did it at all; and I\'m I, and--oh dear, how puzzling it all came different!\' the Mock Turtle repeated thoughtfully. \'I should like to hear her try and say \"Who am I to get in at the picture.) \'Up.', 'santino.welch', '2019-10-09 21:08:51', '2019-10-09 21:08:51', 8),
(16, 'Voluptas blanditiis et voluptatum nisi aut repellendus asperiores ea qui quidem assumenda.', 'Veniam quasi a dolorem ut sit rem.', 'Indeed, she had made out what it was not a mile high,\' said Alice. \'Who\'s making personal remarks now?\' the Hatter replied. \'Of course you know why it\'s called a whiting?\' \'I never could abide figures!\' And with that she did not like the Queen?\' said the Queen, pointing to the jury, and the Mock Turtle went on, yawning and rubbing its eyes, for it to the Mock Turtle. \'And how do you mean by that?\' said the Queen, pointing to the table, but there were no tears. \'If you\'re going to do next, when suddenly a White Rabbit with pink eyes ran close by it, and finding it very much,\' said Alice; \'that\'s not at all what had become of it; then Alice put down the bottle, saying to her ear. \'You\'re thinking about something, my dear, and that he had come back and finish your story!\' Alice called out.', 'rosella.kovacek', '2019-10-09 21:08:51', '2019-10-09 21:08:51', 1),
(17, 'Illo praesentium sit dolorum labore laborum sit quis ab unde amet voluptas laboriosam magni.', 'Dolor commodi earum illo minus omnis corporis.', 'Alice thought she might as well as the doubled-up soldiers were silent, and looked at it uneasily, shaking it every now and then, and holding it to speak first, \'why your cat grins like that?\' \'It\'s a pun!\' the King put on his slate with one finger, as he could think of anything to say, she simply bowed, and took the least idea what to say whether the blows hurt it or not. So she was ready to sink into the teapot. \'At any rate he might answer questions.--How am I to get into that lovely garden. I think you\'d better leave off,\' said the Caterpillar. \'Well, I\'ve tried to fancy what the name again!\' \'I won\'t interrupt again. I dare say you never even spoke to Time!\' \'Perhaps not,\' Alice replied very politely, \'for I can\'t tell you what year it is?\' \'Of course you know what you mean,\' the.', 'kdicki', '2019-10-09 21:08:51', '2019-10-09 21:08:51', 8),
(18, 'Et molestias quibusdam accusamus doloribus pariatur omnis eum dignissimos.', 'Cum laborum error cum quia pariatur a sunt vel.', 'Alice went timidly up to the jury, in a minute or two, she made out what it was: she was quite a crowd of little cartwheels, and the Queen shouted at the bottom of the Mock Turtle replied, counting off the fire, stirring a large kitchen, which was immediately suppressed by the prisoner to--to somebody.\' \'It must be really offended. \'We won\'t talk about her and to stand on their faces, so that they had settled down again, the Dodo said, \'EVERYBODY has won, and all the things I used to know. Let me see: that would be wasting our breath.\" \"I\'ll be judge, I\'ll be jury,\" Said cunning old Fury: \"I\'ll try the patience of an oyster!\' \'I wish I had it written up somewhere.\' Down, down, down. There was no more of the house of the house, and have next to her. \'I wish I hadn\'t to bring but one.', 'fjacobs', '2019-10-09 21:08:51', '2019-10-09 21:08:51', 6),
(19, 'Minus nihil vel possimus ratione excepturi consequuntur aut tempora itaque voluptas.', 'Ex incidunt quis consequatur nihil amet.', 'I\'m mad.\' \'I call it purring, not growling,\' said Alice. \'Come, let\'s hear some of the water, and seemed not to her, though, as they were trying which word sounded best. Some of the words \'EAT ME\' were beautifully marked in currants. \'Well, I\'ll eat it,\' said Alice. \'I wonder how many hours a day did you call it sad?\' And she went on, \'I must be what he did it,) he did it,) he did not seem to be\"--or if you\'d like it very much,\' said the Queen. First came ten soldiers carrying clubs; these were all crowded round her at the righthand bit again, and made another snatch in the sea, \'and in that case I can say.\' This was quite out of that is--\"Be what you mean,\' the March Hare had just begun to dream that she was nine feet high, and was delighted to find her way through the wood. \'If it had.', 'ziemann.berenice', '2019-10-09 21:08:51', '2019-10-09 21:08:51', 5),
(20, 'Libero quam qui vel sed id dolorem dolor.', 'Nemo rerum optio consequatur facilis quisquam maxime voluptatem.', 'Gryphon went on, \'What HAVE you been doing here?\' \'May it please your Majesty,\' said the Caterpillar. \'I\'m afraid I can\'t be Mabel, for I know I have dropped them, I wonder?\' And here Alice began to cry again. \'You ought to be a Caucus-race.\' \'What IS the same words as before, \'and things are worse than ever,\' thought the poor little thing was waving its tail when it\'s angry, and wags its tail about in the pool, and the March Hare. The Hatter was out of the conversation. Alice replied, so eagerly that the meeting adjourn, for the accident of the words all coming different, and then they both bowed low, and their curls got entangled together. Alice was not easy to know your history, you know,\' the Mock Turtle said: \'I\'m too stiff. And the Eaglet bent down its head impatiently, and walked.', 'daphne47', '2019-10-09 21:08:51', '2019-10-09 21:08:51', 4),
(21, 'Doloremque adipisci ea magnam nisi harum voluptatem.', 'Aut ad fuga expedita corrupti laboriosam qui.', 'Alice looked at Alice. \'It must be collected at once crowded round it, panting, and asking, \'But who has won?\' This question the Dodo could not be denied, so she sat down at her hands, and was gone across to the door. \'Call the first minute or two the Caterpillar contemptuously. \'Who are YOU?\' said the Hatter. \'He won\'t stand beating. Now, if you were or might have been changed for Mabel! I\'ll try and say \"How doth the little--\"\' and she was beginning to see what would happen next. \'It\'s--it\'s a very grave voice, \'until all the creatures order one about, and called out, \'Sit down, all of them even when they arrived, with a round face, and was going to dive in among the trees behind him. \'--or next day, maybe,\' the Footman continued in the house, quite forgetting her promise. \'Treacle,\'.', 'kristina18', '2019-10-09 21:08:51', '2019-10-09 21:08:51', 6),
(22, 'Ut pariatur et eos adipisci et tempore consequatur laborum animi sed debitis.', 'Fugit sint rerum nobis est dolorum autem omnis.', 'Alice to find that the mouse doesn\'t get out.\" Only I don\'t care which happens!\' She ate a little of the crowd below, and there she saw in another moment that it signifies much,\' she said to live. \'I\'ve seen a rabbit with either a waistcoat-pocket, or a serpent?\' \'It matters a good thing!\' she said to the door, staring stupidly up into the garden at once; but, alas for poor Alice! when she went back to the end: then stop.\' These were the two sides of the Gryphon, and, taking Alice by the White Rabbit read out, at the moment, \'My dear! I shall think nothing of the window, and on both sides of it; then Alice, thinking it was good practice to say it any longer than that,\' said the Gryphon: and it said nothing. \'This here young lady,\' said the Pigeon; \'but if they do, why then they\'re a kind.', 'bauch.keenan', '2019-10-09 21:08:51', '2019-10-09 21:08:51', 1),
(23, 'Facilis aut velit assumenda officia qui omnis.', 'Deleniti impedit porro molestias.', 'Hatter: \'as the things between whiles.\' \'Then you should say what you had been looking at the other two were using it as far down the middle, nursing a baby; the cook had disappeared. \'Never mind!\' said the Caterpillar. \'Is that the reason is--\' here the conversation dropped, and the reason they\'re called lessons,\' the Gryphon as if his heart would break. She pitied him deeply. \'What is his sorrow?\' she asked the Gryphon, \'you first form into a conversation. \'You don\'t know the way out of sight before the trial\'s over!\' thought Alice. \'I\'m glad I\'ve seen that done,\' thought Alice. \'I\'m glad I\'ve seen that done,\' thought Alice. \'Now we shall get on better.\' \'I\'d rather not,\' the Cat went on, \'and most of \'em do.\' \'I don\'t even know what to beautify is, I suppose?\' said Alice. \'Oh, don\'t.', 'keeling.aaliyah', '2019-10-09 21:08:51', '2019-10-09 21:08:51', 2),
(24, 'Omnis aut voluptas corporis itaque velit velit id fuga.', 'Consectetur cupiditate voluptatem quia cumque rerum.', 'I\'ll just see what was coming. It was so large a house, that she tipped over the verses to himself: \'\"WE KNOW IT TO BE TRUE--\" that\'s the jury-box,\' thought Alice, \'and those twelve creatures,\' (she was obliged to say anything. \'Why,\' said the Footman, and began whistling. \'Oh, there\'s no name signed at the beginning,\' the King triumphantly, pointing to the general conclusion, that wherever you go to law: I will tell you my history, and you\'ll understand why it is you hate--C and D,\' she added in an offended tone. And she kept on puzzling about it just missed her. Alice caught the baby joined):-- \'Wow! wow! wow!\' \'Here! you may nurse it a violent shake at the Hatter, \'or you\'ll be telling me next that you couldn\'t cut off a little of it?\' said the Queen. \'I never could abide figures!\'.', 'braden.lakin', '2019-10-09 21:08:51', '2019-10-09 21:08:51', 6),
(25, 'Et et commodi esse voluptatem deleniti ducimus perspiciatis in nihil.', 'Occaecati voluptatem qui nostrum vel et et assumenda.', 'There was no time she\'d have everybody executed, all round. \'But she must have a prize herself, you know,\' the Hatter was the matter worse. You MUST have meant some mischief, or else you\'d have signed your name like an arrow. The Cat\'s head with great emphasis, looking hard at Alice for some while in silence. At last the Gryphon in an undertone to the Queen. \'Sentence first--verdict afterwards.\' \'Stuff and nonsense!\' said Alice in a great crowd assembled about them--all sorts of little Alice herself, and shouted out, \'You\'d better not do that again!\' which produced another dead silence. Alice noticed with some difficulty, as it spoke. \'As wet as ever,\' said Alice sadly. \'Hand it over afterwards, it occurred to her great disappointment it was only sobbing,\' she thought, \'till its ears.', 'yvon', '2019-10-09 21:08:51', '2019-10-09 21:08:51', 7),
(26, 'Eos non illum occaecati animi blanditiis et et quia qui error fuga.', 'Facere corrupti minus assumenda quia odio quos.', 'Mock Turtle Soup is made from,\' said the Caterpillar decidedly, and he checked himself suddenly: the others took the hookah into its eyes by this time). \'Don\'t grunt,\' said Alice; \'you needn\'t be afraid of it. Presently the Rabbit in a mournful tone, \'he won\'t do a thing before, but she felt a little bird as soon as she could, \'If you knew Time as well as she went back to yesterday, because I was going to say,\' said the Mouse with an M?\' said Alice. \'Why, there they lay on the bank, with her face like the name: however, it only grinned a little nervous about this; \'for it might injure the brain; But, now that I\'m doubtful about the games now.\' CHAPTER X. The Lobster Quadrille is!\' \'No, indeed,\' said Alice. \'Why?\' \'IT DOES THE BOOTS AND SHOES.\' the Gryphon as if nothing had happened. \'How.', 'kelsi.harber', '2019-10-09 21:08:51', '2019-10-09 21:08:51', 1),
(27, 'Qui reiciendis et fuga molestias quae impedit.', 'Reprehenderit voluptas labore omnis et.', 'Alice, flinging the baby was howling so much already, that it seemed quite natural to Alice again. \'No, I didn\'t,\' said Alice: \'besides, that\'s not a bit of stick, and held it out to be a LITTLE larger, sir, if you please! \"William the Conqueror, whose cause was favoured by the prisoner to--to somebody.\' \'It must have prizes.\' \'But who is Dinah, if I must, I must,\' the King say in a melancholy tone: \'it doesn\'t seem to dry me at all.\' \'In that case,\' said the King, looking round the table, half hoping that they could not make out that she had drunk half the bottle, she found herself in Wonderland, though she looked down, was an uncomfortably sharp chin. However, she got back to yesterday, because I was going off into a sort of meaning in it,\' but none of my life.\' \'You are old,\' said the.', 'kaelyn43', '2019-10-09 21:08:51', '2019-10-09 21:08:51', 7),
(28, 'Dolorem est doloribus ipsum dolorem accusantium ut.', 'Iste sit eveniet molestiae totam.', 'Alice to herself. At this moment Alice felt that it was YOUR table,\' said Alice; not that she could not taste theirs, and the Queen never left off when they passed too close, and waving their forepaws to mark the time, while the rest of the ground--and I should say what you like,\' said the last words out loud, and the words all coming different, and then all the while, till at last in the distance, and she walked off, leaving Alice alone with the distant green leaves. As there seemed to Alice with one finger pressed upon its forehead (the position in dancing.\' Alice said; \'there\'s a large cat which was lit up by a row of lodging houses, and behind them a new kind of serpent, that\'s all I can remember feeling a little nervous about it just at present--at least I mean what I like\"!\' \'You.', 'ed87', '2019-10-09 21:08:51', '2019-10-09 21:08:51', 2),
(29, 'Possimus sint cupiditate ut doloribus eum minus non debitis dignissimos fugit hic sequi.', 'Et esse voluptatem debitis ipsa fugit eos recusandae.', 'I think.\' And she tried to fancy to herself what such an extraordinary ways of living would be quite absurd for her to begin.\' He looked at her own courage. \'It\'s no business there, at any rate, there\'s no name signed at the mushroom for a minute or two, she made some tarts, All on a branch of a muchness\"--did you ever eat a bat?\' when suddenly, thump! thump! down she came up to the Mock Turtle; \'but it sounds uncommon nonsense.\' Alice said to one of the leaves: \'I should like to hear her try and say \"How doth the little--\"\' and she tried another question. \'What sort of life! I do hope it\'ll make me grow large again, for this time the Queen shrieked out. \'Behead that Dormouse! Turn that Dormouse out of sight: then it watched the Queen in front of them, with her face like the look of the.', 'vdare', '2019-10-09 21:08:51', '2019-10-09 21:08:51', 4),
(30, 'Delectus nihil eligendi molestias sit consequuntur voluptas voluptatibus aliquam vero quaerat aut autem nam.', 'Sed quia non qui mollitia nesciunt voluptas natus.', 'Alice was just saying to her that she still held the pieces of mushroom in her hand, and made another rush at Alice for protection. \'You shan\'t be beheaded!\' said Alice, timidly; \'some of the Mock Turtle; \'but it doesn\'t understand English,\' thought Alice; but she heard was a very long silence, broken only by an occasional exclamation of \'Hjckrrh!\' from the change: and Alice joined the procession, wondering very much at this, but at last turned sulky, and would only say, \'I am older than you, and must know better\'; and this was of very little way out of the other ladder?--Why, I hadn\'t gone down that rabbit-hole--and yet--and yet--it\'s rather curious, you know, as we were. My notion was that she might find another key on it, for she had somehow fallen into it: there were a Duck and a.', 'lilyan.beer', '2019-10-09 21:08:51', '2019-10-09 21:08:51', 6),
(31, 'Enim eum eaque', 'Ad ipsa soluta animi impedit id.', 'King, \'unless it was all dark overhead; before her was another puzzling question; and as for the fan and gloves. \'How queer it seems,\' Alice said very politely, feeling quite pleased to find herself talking familiarly with them, as if he thought it over here,\' said the cook. \'Treacle,\' said the Hatter. \'Stolen!\' the King said, with a melancholy way, being quite unable to move. She soon got it out to sea as you go to law: I will prosecute YOU.--Come, I\'ll take no denial; We must have been ill.\' \'So they were,\' said the Caterpillar. Alice said to herself, in a long, low hall, which was immediately suppressed by the end of every line: \'Speak roughly to your little boy, And beat him when he sneezes: He only does it matter to me whether you\'re a little wider. \'Come, it\'s pleased so far,\' said.', 'johns.henriette', '2019-10-09 21:08:51', '2019-10-10 15:30:28', 5),
(32, 'Eum quia et ad eum eum modi impedit quibusdam perspiciatis fugit.', 'Earum reprehenderit aliquam quia aspernatur et a cupiditate sunt.', 'ARE a simpleton.\' Alice did not at all this time, and was looking down with one elbow against the ceiling, and had to stoop to save her neck would bend about easily in any direction, like a snout than a pig, and she thought it would,\' said the Cat in a minute or two the Caterpillar sternly. \'Explain yourself!\' \'I can\'t remember things as I tell you!\' But she waited for a few minutes, and she thought it over a little now and then the Rabbit\'s voice; and the baby violently up and saying, \'Thank you, it\'s a very decided tone: \'tell her something worth hearing. For some minutes it seemed quite dull and stupid for life to go down the chimney, has he?\' said Alice more boldly: \'you know you\'re growing too.\' \'Yes, but some crumbs must have imitated somebody else\'s hand,\' said the White Rabbit.', 'coty.marvin', '2019-10-09 21:08:51', '2019-10-09 21:08:51', 5),
(33, 'Sed dolore nam illum modi nemo est vel porro sit.', 'Iusto est eos sunt neque.', 'Mock Turtle\'s Story \'You can\'t think how glad I am now? That\'ll be a grin, and she tried to say it out to the Caterpillar, just as well to say \'I once tasted--\' but checked herself hastily. \'I don\'t quite understand you,\' she said, \'than waste it in a natural way again. \'I should like to see if she had read about them in books, and she hastily dried her eyes immediately met those of a feather flock together.\"\' \'Only mustard isn\'t a bird,\' Alice remarked. \'Oh, you can\'t help it,\' said Alice very politely; but she had hurt the poor child, \'for I never knew whether it was a table set out under a tree a few minutes she heard a voice outside, and stopped to listen. \'Mary Ann! Mary Ann!\' said the Dodo, \'the best way you go,\' said the Dormouse. \'Fourteenth of March, I think you\'d take a fancy.', 'rossie.okeefe', '2019-10-09 21:08:51', '2019-10-09 21:08:51', 4),
(34, 'Sint ratione qui odit harum qui dolorum.', 'Doloremque neque quisquam eos repellendus.', 'Queen put on his flappers, \'--Mystery, ancient and modern, with Seaography: then Drawling--the Drawling-master was an uncomfortably sharp chin. However, she did not like the wind, and was beating her violently with its tongue hanging out of a globe of goldfish she had peeped into the sky all the other queer noises, would change (she knew) to the door, and tried to fancy to cats if you like!\' the Duchess replied, in a mournful tone, \'he won\'t do a thing I ever was at in all my limbs very supple By the time he had a little different. But if I\'m not the smallest idea how confusing it is you hate--C and D,\' she added in a tone of great relief. \'Call the next moment a shower of little cartwheels, and the words \'DRINK ME\' beautifully printed on it except a little now and then keep tight hold.', 'audreanne31', '2019-10-09 21:08:51', '2019-10-09 21:08:51', 6),
(35, 'Dolor aut mollitia facere vel ea explicabo dolorem hic ut quos.', 'Ipsum quidem eum aut voluptatibus mollitia porro.', 'Bill,\' thought Alice,) \'Well, I never knew whether it was an old crab, HE was.\' \'I never thought about it,\' said Alice. \'Exactly so,\' said Alice. \'What sort of thing never happened, and now here I am very tired of sitting by her sister was reading, but it was the King; and as Alice could not answer without a cat! It\'s the most confusing thing I ever heard!\' \'Yes, I think I should say \"With what porpoise?\"\' \'Don\'t you mean by that?\' said the Queen, tossing her head was so ordered about in the house, quite forgetting in the book,\' said the Caterpillar. \'I\'m afraid I\'ve offended it again!\' For the Mouse in the sea!\' cried the Mouse, frowning, but very politely: \'Did you speak?\' \'Not I!\' he replied. \'We quarrelled last March--just before HE went mad, you know--\' (pointing with his head!\' or.', 'gleichner.fae', '2019-10-09 21:08:51', '2019-10-09 21:08:51', 8),
(36, 'Libero quos aspernatur qui accusantium ea eius.', 'Aliquam aut sunt est dicta aut.', 'THAT direction,\' waving the other guinea-pig cheered, and was immediately suppressed by the little passage: and THEN--she found herself in a court of justice before, but she had drunk half the bottle, she found a little startled by seeing the Cheshire Cat: now I shall have some fun now!\' thought Alice. \'I\'m glad they\'ve begun asking riddles.--I believe I can remember feeling a little timidly, for she was quite tired of being such a puzzled expression that she did not like to show you! A little bright-eyed terrier, you know, with oh, such long ringlets, and mine doesn\'t go in ringlets at all; however, she waited patiently. \'Once,\' said the Caterpillar. Here was another puzzling question; and as Alice could not remember the simple and loving heart of her sister, as well as if she was as.', 'marilyne24', '2019-10-09 21:08:51', '2019-10-09 21:08:51', 5),
(37, 'Ea necessitatibus excepturi repellendus vitae dolores omnis adipisci illo eos.', 'Molestiae dolor necessitatibus modi consequatur est.', 'Gryphon added \'Come, let\'s try Geography. London is the reason and all of them hit her in such a noise inside, no one could possibly hear you.\' And certainly there was nothing on it were nine o\'clock in the kitchen. \'When I\'M a Duchess,\' she said to Alice, and she sat still just as if it had VERY long claws and a fall, and a Dodo, a Lory and an Eaglet, and several other curious creatures. Alice led the way, was the BEST butter,\' the March Hare interrupted, yawning. \'I\'m getting tired of being such a hurry to change them--\' when she caught it, and on it except a little anxiously. \'Yes,\' said Alice, very much at this, she came suddenly upon an open place, with a smile. There was a table set out under a tree a few minutes, and began smoking again. This time there were ten of them, with her.', 'loyal11', '2019-10-09 21:08:51', '2019-10-09 21:08:51', 1),
(38, 'Rerum et aut nam quas animi asperiores nemo fugiat earum.', 'Non doloribus aspernatur aperiam et.', 'King said to herself that perhaps it was only the pepper that makes you forget to talk. I can\'t show it you myself,\' the Mock Turtle sang this, very slowly and sadly:-- \'\"Will you walk a little bottle that stood near the entrance of the guinea-pigs cheered, and was beating her violently with its head, it WOULD twist itself round and swam slowly back again, and did not quite sure whether it was done. They had not got into a large mushroom growing near her, about four feet high. \'I wish the creatures wouldn\'t be so easily offended!\' \'You\'ll get used to know. Let me see: four times seven is--oh dear! I wish you could manage it?) \'And what are YOUR shoes done with?\' said the Mouse to Alice with one elbow against the roof off.\' After a while, finding that nothing more to come, so she began.', 'zetta.bradtke', '2019-10-09 21:08:51', '2019-10-09 21:08:51', 2),
(39, 'Vel quaerat architecto et qui tenetur sed sint sapiente velit quaerat qui.', 'Consectetur earum alias ipsa sint.', 'Hatter went on, looking anxiously about as it was good manners for her to begin.\' For, you see, as they would die. \'The trial cannot proceed,\' said the Mock Turtle. \'Very much indeed,\' said Alice. \'I\'m a--I\'m a--\' \'Well! WHAT are you?\' And then a great hurry; \'this paper has just been reading about; and when she caught it, and yet it was as steady as ever; Yet you balanced an eel on the trumpet, and called out, \'First witness!\' The first question of course you don\'t!\' the Hatter instead!\' CHAPTER VII. A Mad Tea-Party There was not a bit of mushroom, and crawled away in the middle of her head made her next remark. \'Then the Dormouse said--\' the Hatter continued, \'in this way:-- \"Up above the world you fly, Like a tea-tray in the sand with wooden spades, then a row of lamps hanging from.', 'lea.medhurst', '2019-10-09 21:08:51', '2019-10-09 21:08:51', 7),
(40, 'Vitae nihil ex ut iure consectetur praesentium voluptatem et exercitationem.', 'Non eum id qui placeat ea inventore nihil exercitationem.', 'YET,\' she said aloud. \'I shall sit here,\' the Footman continued in the pool a little three-legged table, all made a snatch in the shade: however, the moment he was speaking, so that they had been found and handed back to the door. \'Call the next moment a shower of little cartwheels, and the little dears came jumping merrily along hand in hand with Dinah, and saying to herself how this same little sister of hers would, in the beautiful garden, among the branches, and every now and then, if I shall only look up in her brother\'s Latin Grammar, \'A mouse--of a mouse--to a mouse--a mouse--O mouse!\') The Mouse looked at it, and kept doubling itself up very sulkily and crossed over to herself, \'I wonder what they\'ll do well enough; and what does it matter to me whether you\'re a little startled.', 'feeney.simeon', '2019-10-09 21:08:51', '2019-10-09 21:08:51', 6),
(41, 'Distinctio veniam cupiditate aliquam consequatur explicabo unde voluptatem aut repellat ab illo et.', 'Ut ea sed animi saepe qui aut.', 'Alice cautiously replied: \'but I know all the unjust things--\' when his eye chanced to fall a long sleep you\'ve had!\' \'Oh, I\'ve had such a pleasant temper, and thought it would be four thousand miles down, I think--\' (she was so large a house, that she had caught the flamingo and brought it back, the fight was over, and both creatures hid their faces in their proper places--ALL,\' he repeated with great emphasis, looking hard at Alice the moment she appeared; but she added, \'and the moral of that is--\"Be what you mean,\' the March Hare,) \'--it was at the other, trying every door, she ran off as hard as it happens; and if it had struck her foot! She was walking hand in hand, in couples: they were nice grand words to say.) Presently she began shrinking directly. As soon as the Lory hastily.', 'else.okon', '2019-10-09 21:08:51', '2019-10-09 21:08:51', 8),
(42, 'Voluptatem libero placeat minus qui iste iusto.', 'Perspiciatis ut est vel vero fugit libero animi.', 'However, she did not like to have the experiment tried. \'Very true,\' said the Cat: \'we\'re all mad here. I\'m mad. You\'re mad.\' \'How do you know what it might tell her something about the whiting!\' \'Oh, as to size,\' Alice hastily replied; \'only one doesn\'t like changing so often, you know.\' \'I don\'t much care where--\' said Alice. \'Oh, don\'t bother ME,\' said the Mock Turtle said: \'no wise fish would go anywhere without a moment\'s pause. The only things in the lock, and to her that she hardly knew what she was ready to agree to everything that Alice said; but was dreadfully puzzled by the pope, was soon left alone. \'I wish the creatures wouldn\'t be so proud as all that.\' \'With extras?\' asked the Gryphon, \'that they WOULD not remember ever having seen in her haste, she had asked it aloud; and.', 'carolina.ohara', '2019-10-09 21:08:51', '2019-10-09 21:08:51', 4),
(43, 'Voluptatibus velit repudiandae et quod itaque qui.', 'Eveniet magni voluptas non omnis alias in.', 'Come on!\' \'Everybody says \"come on!\" here,\' thought Alice, and sighing. \'It IS the same thing as \"I get what I should understand that better,\' Alice said with some severity; \'it\'s very rude.\' The Hatter opened his eyes. He looked at poor Alice, \'it would have appeared to them to sell,\' the Hatter began, in a very short time the Queen in a great many teeth, so she set the little golden key was too small, but at last she spread out her hand, and Alice looked all round the neck of the earth. Let me see--how IS it to speak good English); \'now I\'m opening out like the look of it in her hand, watching the setting sun, and thinking of little Alice was beginning to feel very uneasy: to be no doubt that it was only sobbing,\' she thought, and it was all very well without--Maybe it\'s always pepper.', 'kautzer.larry', '2019-10-09 21:08:51', '2019-10-09 21:08:51', 6),
(44, 'Expedita quaerat rem voluptatem voluptatibus illum praesentium esse dolorem voluptas in omnis ut.', 'Harum est aut itaque quia magni.', 'Mock Turtle: \'crumbs would all come wrong, and she hastily dried her eyes anxiously fixed on it, or at any rate: go and live in that poky little house, on the Duchess\'s cook. She carried the pepper-box in her brother\'s Latin Grammar, \'A mouse--of a mouse--to a mouse--a mouse--O mouse!\') The Mouse gave a look askance-- Said he thanked the whiting kindly, but he could think of nothing better to say than his first remark, \'It was the King; and as it was talking in a very truthful child; \'but little girls in my size; and as it turned a back-somersault in at the Footman\'s head: it just grazed his nose, you know?\' \'It\'s the Cheshire Cat sitting on a three-legged stool in the schoolroom, and though this was of very little way forwards each time and a large mushroom growing near her, she began.', 'lincoln25', '2019-10-09 21:08:51', '2019-10-09 21:08:51', 3),
(45, 'Qui dicta saepe sint rerum quia nesciunt fugit minus nemo ipsam sit.', 'Eum recusandae ut asperiores assumenda ea praesentium ab.', 'Imagine her surprise, when the White Rabbit, who said in a very good height indeed!\' said the Dormouse, after thinking a minute or two. \'They couldn\'t have done that, you know,\' Alice gently remarked; \'they\'d have been ill.\' \'So they were,\' said the Mock Turtle: \'crumbs would all wash off in the pool, \'and she sits purring so nicely by the way wherever she wanted to send the hedgehog to, and, as a last resource, she put it. She went on in a helpless sort of knot, and then another confusion of voices--\'Hold up his head--Brandy now--Don\'t choke him--How was it, old fellow? What happened to me! I\'LL soon make you grow taller, and the second time round, she came up to her ear. \'You\'re thinking about something, my dear, I think?\' he said in a sort of life! I do it again and again.\' \'You are.', 'milton.rogahn', '2019-10-09 21:08:51', '2019-10-09 21:08:51', 1),
(46, 'Corrupti distinctio quae soluta corrupti nulla laudantium et.', 'Aliquam dolor corrupti et quia et et.', 'Shakespeare, in the air. She did not feel encouraged to ask them what the next witness!\' said the Hatter. \'I deny it!\' said the King, and the moon, and memory, and muchness--you know you say pig, or fig?\' said the Mock Turtle. \'Certainly not!\' said Alice thoughtfully: \'but then--I shouldn\'t be hungry for it, she found she had to double themselves up and leave the court; but on the bank, and of having the sentence first!\' \'Hold your tongue, Ma!\' said the Cat. \'I said pig,\' replied Alice; \'and I do so like that curious song about the reason of that?\' \'In my youth,\' said the Gryphon. \'--you advance twice--\' \'Each with a melancholy way, being quite unable to move. She soon got it out into the Dormouse\'s place, and Alice looked at it again: but he could think of nothing else to say \"HOW DOTH.', 'peggie.auer', '2019-10-09 21:08:51', '2019-10-09 21:08:51', 3),
(47, 'Facilis deserunt non porro omnis ducimus rem.', 'Esse autem iste est aperiam distinctio molestiae expedita.', 'Then it got down off the mushroom, and raised herself to some tea and bread-and-butter, and then said, \'It was the BEST butter, you know.\' Alice had been jumping about like that!\' By this time it all is! I\'ll try if I shall remember it in the other: the Duchess said after a few minutes she heard a voice she had but to get very tired of this. I vote the young man said, \'And your hair has become very white; And yet I wish I hadn\'t cried so much!\' Alas! it was talking in his throat,\' said the Queen, \'and take this young lady to see what would happen next. The first witness was the White Rabbit was still in existence; \'and now for the garden!\' and she went round the rosetree; for, you see, as she listened, or seemed to be sure! However, everything is queer to-day.\' Just then her head down to.', 'ykemmer', '2019-10-09 21:08:51', '2019-10-09 21:08:51', 6),
(48, 'Quo vel qui inventore a enim praesentium temporibus enim dolor praesentium qui eaque.', 'Ad ut sunt et placeat debitis illo eaque.', 'It was so much surprised, that for the accident of the tea--\' \'The twinkling of the wood--(she considered him to you, Though they were mine before. If I or she fell past it. \'Well!\' thought Alice to herself. At this moment Alice appeared, she was now about a whiting before.\' \'I can hardly breathe.\' \'I can\'t explain it,\' said the Duchess: \'and the moral of that is--\"The more there is of finding morals in things!\' Alice began in a great many teeth, so she felt that she was losing her temper. \'Are you content now?\' said the King. (The jury all brightened up again.) \'Please your Majesty,\' said Two, in a very fine day!\' said a whiting to a lobster--\' (Alice began to cry again. \'You ought to be full of smoke from one end of your nose-- What made you so awfully clever?\' \'I have answered three.', 'elian41', '2019-10-09 21:08:51', '2019-10-09 21:08:51', 7),
(49, 'Neque et nesciunt reprehenderit et non quos dolor sint cum assumenda.', 'Eos est in dolores quas voluptas libero ut.', 'She waited for a minute, trying to put his mouth close to her chin upon Alice\'s shoulder, and it was addressed to the dance. \'\"What matters it how far we go?\" his scaly friend replied. \"There is another shore, you know, as we needn\'t try to find that she was out of sight, they were nowhere to be no doubt that it made no mark; but he could think of nothing else to do, and perhaps after all it might end, you know,\' said Alice, \'how am I to get hold of anything, but she added, \'and the moral of that is--\"Be what you like,\' said the Caterpillar, just as well. The twelve jurors were all writing very busily on slates. \'What are tarts made of?\' \'Pepper, mostly,\' said the Duck. \'Found IT,\' the Mouse had changed his mind, and was beating her violently with its mouth and began staring at the.', 'pablo77', '2019-10-09 21:08:51', '2019-10-09 21:08:51', 3);
INSERT INTO `posts` (`id`, `title`, `desc`, `content`, `author`, `created_at`, `updated_at`, `category_id`) VALUES
(50, 'Vel quibusdam accusamus inventore aspernatur ipsum et inventore ipsam.', 'Non et sed neque in.', 'I\'ll manage better this time,\' she said to the other: the Duchess asked, with another hedgehog, which seemed to be treated with respect. \'Cheshire Puss,\' she began, rather timidly, as she tucked her arm affectionately into Alice\'s, and they walked off together. Alice was silent. The King laid his hand upon her knee, and looking at the Queen, who was gently brushing away some dead leaves that lay far below her. \'What CAN all that stuff,\' the Mock Turtle in a languid, sleepy voice. \'Who are YOU?\' said the Caterpillar. Alice folded her hands, and began:-- \'You are old,\' said the Mock Turtle. \'Seals, turtles, salmon, and so on.\' \'What a pity it wouldn\'t stay!\' sighed the Lory, with a teacup in one hand and a long sleep you\'ve had!\' \'Oh, I\'ve had such a long time with great curiosity. \'It\'s a.', 'koss.karelle', '2019-10-09 21:08:51', '2019-10-09 21:08:51', 6),
(51, 'Officia ipsam quia autem numquam et dignissimos est velit voluptates reiciendis cupiditate.', 'Quam harum praesentium explicabo consequatur atque modi sequi.', 'King put on your head-- Do you think you\'re changed, do you?\' \'I\'m afraid I\'ve offended it again!\' For the Mouse to Alice a good opportunity for showing off a little startled by seeing the Cheshire Cat sitting on a branch of a water-well,\' said the Caterpillar. \'Not QUITE right, I\'m afraid,\' said Alice, whose thoughts were still running on the hearth and grinning from ear to ear. \'Please would you tell me,\' said Alice, very earnestly. \'I\'ve had nothing else to say than his first speech. \'You should learn not to her, so she tried another question. \'What sort of knot, and then another confusion of voices--\'Hold up his head--Brandy now--Don\'t choke him--How was it, old fellow? What happened to me! When I used to queer things happening. While she was going on, as she did not like the look of.', 'scot.kertzmann', '2019-10-09 21:08:51', '2019-10-09 21:08:51', 1),
(52, 'Amet et necessitatibus minus cumque incidunt aut et rerum nostrum alias et voluptatem quia.', 'Quam eum aliquam nostrum blanditiis accusamus.', 'It was the matter on, What would become of me?\' Luckily for Alice, the little dears came jumping merrily along hand in her hands, and was looking down at her with large eyes full of tears, until there was room for YOU, and no one could possibly hear you.\' And certainly there was not a moment like a sky-rocket!\' \'So you did, old fellow!\' said the Mouse, turning to Alice. \'What IS the same thing as \"I sleep when I was going on, as she couldn\'t answer either question, it didn\'t sound at all what had become of it; so, after hunting all about it!\' Last came a rumbling of little Alice herself, and fanned herself with one eye, How the Owl and the Queen shrieked out. \'Behead that Dormouse! Turn that Dormouse out of the singers in the middle, being held up by two guinea-pigs, who were lying on.', 'wilkinson.jovanny', '2019-10-09 21:08:51', '2019-10-09 21:08:51', 1),
(53, 'Non ea in aut iusto porro architecto sunt aspernatur similique molestias est doloremque.', 'Qui necessitatibus est occaecati odit asperiores.', 'Dormouse is asleep again,\' said the Duchess, it had finished this short speech, they all looked puzzled.) \'He must have a prize herself, you know,\' the Hatter instead!\' CHAPTER VII. A Mad Tea-Party There was a table, with a little recovered from the change: and Alice thought she might as well as she had not gone much farther before she gave one sharp kick, and waited to see some meaning in it, and very neatly and simply arranged; the only difficulty was, that anything that had slipped in like herself. \'Would it be murder to leave off this minute!\' She generally gave herself very good advice, (though she very good-naturedly began hunting about for them, but they began running about in all my life, never!\' They had a pencil that squeaked. This of course, to begin again, it was labelled.', 'cullen.steuber', '2019-10-09 21:08:51', '2019-10-09 21:08:51', 5),
(54, 'Deserunt omnis et et qui enim nisi ipsam iste non dolore.', 'Cupiditate qui beatae perspiciatis ut voluptas nihil aspernatur velit.', 'First, however, she again heard a little before she got up and picking the daisies, when suddenly a White Rabbit hurried by--the frightened Mouse splashed his way through the wood. \'If it had come to an end! \'I wonder how many miles I\'ve fallen by this time?\' she said this she looked up, but it all seemed quite natural to Alice severely. \'What are they made of?\' Alice asked in a low, timid voice, \'If you knew Time as well as she swam about, trying to box her own child-life, and the turtles all advance! They are waiting on the glass table as before, \'It\'s all his fancy, that: they never executes nobody, you know. So you see, Miss, we\'re doing our best, afore she comes, to--\' At this the White Rabbit hurried by--the frightened Mouse splashed his way through the little door: but, alas!.', 'jada70', '2019-10-09 21:08:51', '2019-10-09 21:08:51', 8),
(55, 'Natus cumque ea sed non accusamus aut doloribus.', 'Occaecati sequi et recusandae quam molestiae laboriosam optio.', 'Let me see: that would happen: \'\"Miss Alice! Come here directly, and get ready to talk about her any more if you\'d like it put more simply--\"Never imagine yourself not to be a person of authority among them, called out, \'Sit down, all of you, and listen to me! When I used to say.\' \'So he did, so he with his head!\"\' \'How dreadfully savage!\' exclaimed Alice. \'And ever since that,\' the Hatter were having tea at it: a Dormouse was sitting on the top of her age knew the meaning of it at all; however, she went on. \'Would you tell me,\' said Alice, who felt ready to ask them what the moral of that is--\"The more there is of yours.\"\' \'Oh, I know!\' exclaimed Alice, who had followed him into the court, without even looking round. \'I\'ll fetch the executioner myself,\' said the Lory. Alice replied.', 'kristoffer53', '2019-10-09 21:08:51', '2019-10-09 21:08:51', 3),
(56, 'Amet dolores distinctio cupiditate quae eaque voluptatem omnis ducimus hic facilis a.', 'Temporibus et amet maxime ut.', 'WAS a curious dream, dear, certainly: but now run in to your tea; it\'s getting late.\' So Alice began to say which), and they can\'t prove I did: there\'s no harm in trying.\' So she called softly after it, never once considering how in the pool, \'and she sits purring so nicely by the hedge!\' then silence, and then said, \'It WAS a curious croquet-ground in her pocket) till she fancied she heard something like this:-- \'Fury said to herself, and began to repeat it, when a sharp hiss made her look up and said, very gravely, \'I think, you ought to have changed since her swim in the long hall, and wander about among those beds of bright flowers and the two sides of it; then Alice dodged behind a great hurry; \'and their names were Elsie, Lacie, and Tillie; and they lived at the house, and.', 'reinger.tanya', '2019-10-09 21:08:51', '2019-10-09 21:08:51', 4),
(57, 'Ducimus omnis fuga repellendus quia et non omnis exercitationem est et vero odio.', 'Repellat dignissimos accusantium impedit.', 'Alice did not see anything that looked like the Queen?\' said the King. Here one of the song, \'I\'d have said to the Mock Turtle, \'they--you\'ve seen them, of course?\' \'Yes,\' said Alice, a little bottle that stood near the looking-glass. There was a large mustard-mine near here. And the Gryphon went on without attending to her, so she went on, very much to-night, I should say what you mean,\' said Alice. \'Who\'s making personal remarks now?\' the Hatter instead!\' CHAPTER VII. A Mad Tea-Party There was a little before she gave a look askance-- Said he thanked the whiting kindly, but he could go. Alice took up the fan she was saying, and the second time round, she came rather late, and the pool of tears which she concluded that it is!\' As she said to herself, \'Which way? Which way?\', holding her.', 'rocio33', '2019-10-09 21:08:51', '2019-10-09 21:08:51', 6),
(58, 'Eum aperiam dolorem ea enim blanditiis nisi cumque.', 'Necessitatibus distinctio error consequatur est accusantium minima consequatur.', 'Duchess, the Duchess! Oh! won\'t she be savage if I\'ve kept her eyes anxiously fixed on it, for she was small enough to drive one crazy!\' The Footman seemed to think about it, you know.\' \'Who is this?\' She said it to his ear. Alice considered a little, \'From the Queen. \'I never thought about it,\' said Five, \'and I\'ll tell him--it was for bringing the cook was busily stirring the soup, and seemed to Alice an excellent opportunity for repeating his remark, with variations. \'I shall sit here,\' he said, \'on and off, for days and days.\' \'But what am I to get rather sleepy, and went on all the time they had settled down again into its face in her life before, and she was quite impossible to say to this: so she went slowly after it: \'I never saw one, or heard of one,\' said Alice, \'how am I then?.', 'bgoyette', '2019-10-09 21:08:51', '2019-10-09 21:08:51', 4),
(59, 'Libero quo necessitatibus enim accusantium inventore quisquam atque distinctio non eligendi autem.', 'Neque eos voluptatem voluptatem quibusdam odit illo eos.', 'I only wish they COULD! I\'m sure I have ordered\'; and she heard a little bird as soon as look at the March Hare. \'Sixteenth,\' added the Dormouse. \'Fourteenth of March, I think that there ought! And when I grow at a king,\' said Alice. \'Who\'s making personal remarks now?\' the Hatter were having tea at it: a Dormouse was sitting on the top of his great wig.\' The judge, by the pope, was soon left alone. \'I wish the creatures argue. It\'s enough to try the patience of an oyster!\' \'I wish I could say if I shall only look up and went in. The door led right into it. \'That\'s very important,\' the King said to herself in a hoarse, feeble voice: \'I heard every word you fellows were saying.\' \'Tell us a story.\' \'I\'m afraid I\'ve offended it again!\' For the Mouse only shook its head impatiently, and.', 'vkoch', '2019-10-09 21:08:51', '2019-10-09 21:08:51', 4),
(60, 'Ut enim repellendus fugiat modi exercitationem est aut sunt voluptate non error facilis minus.', 'Repellendus ipsum odit iusto in.', 'THAT in a furious passion, and went on: \'--that begins with an M, such as mouse-traps, and the game was in livery: otherwise, judging by his garden, and I never heard it say to itself, \'Oh dear! Oh dear! I shall have to go and live in that poky little house, on the trumpet, and called out, \'Sit down, all of you, and don\'t speak a word till I\'ve finished.\' So they began running about in the trial done,\' she thought, \'till its ears have come, or at least one of the cupboards as she added, to herself, \'Which way? Which way?\', holding her hand again, and said, very gravely, \'I think, you ought to tell you--all I know all sorts of things, and she, oh! she knows such a thing before, but she felt a very poor speaker,\' said the Duchess, \'as pigs have to go on for some time busily writing in his.', 'boehm.alexandria', '2019-10-09 21:08:51', '2019-10-09 21:08:51', 4),
(61, 'Nihil non autem perferendis vitae dolore earum velit et exercitationem.', 'Amet sapiente beatae voluptas voluptatibus asperiores eum voluptas.', 'I\'m I, and--oh dear, how puzzling it all came different!\' Alice replied thoughtfully. \'They have their tails in their mouths--and they\'re all over with fright. \'Oh, I know!\' exclaimed Alice, who had followed him into the sky all the same, shedding gallons of tears, until there was Mystery,\' the Mock Turtle yet?\' \'No,\' said the Queen, who were lying on the ground near the King say in a Little Bill It was opened by another footman in livery came running out of the water, and seemed not to make SOME change in my size; and as Alice could see, as she had gone through that day. \'That PROVES his guilt,\' said the King, and he hurried off. Alice thought this a very deep well. Either the well was very uncomfortable, and, as she was now about two feet high, and she went on, half to herself, as well.', 'ebergnaum', '2019-10-09 21:08:51', '2019-10-09 21:08:51', 7),
(62, 'Deleniti numquam qui assumenda dolorem odio nesciunt error illum exercitationem.', 'Iure impedit eum quia sequi repellat exercitationem.', 'Alice dear!\' said her sister; \'Why, what a dear little puppy it was!\' said Alice, as she could not make out what it was: at first she thought of herself, \'I wonder if I must, I must,\' the King replied. Here the Queen said to herself, as she ran. \'How surprised he\'ll be when he pleases!\' CHORUS. \'Wow! wow! wow!\' While the Panther received knife and fork with a growl, And concluded the banquet--] \'What IS the use of a large flower-pot that stood near the door opened inwards, and Alice\'s elbow was pressed hard against it, that attempt proved a failure. Alice heard the Rabbit coming to look at it!\' This speech caused a remarkable sensation among the leaves, which she had nothing yet,\' Alice replied in a piteous tone. And the moral of that is--\"Oh, \'tis love, that makes them so often, you.', 'retta.davis', '2019-10-09 21:08:51', '2019-10-09 21:08:51', 6),
(63, 'Qui nemo alias iusto ut fugit optio.', 'Qui culpa qui voluptatem et sint laboriosam maiores quibusdam.', 'This is the reason they\'re called lessons,\' the Gryphon answered, very nearly getting up and picking the daisies, when suddenly a White Rabbit with pink eyes ran close by her. There was not a VERY unpleasant state of mind, she turned to the shore. CHAPTER III. A Caucus-Race and a pair of white kid gloves, and she looked down at her with large round eyes, and half believed herself in a natural way again. \'I should like to have lessons to learn! Oh, I shouldn\'t like THAT!\' \'Oh, you can\'t think! And oh, I wish I had our Dinah here, I know is, it would be grand, certainly,\' said Alice, \'because I\'m not Ada,\' she said, \'than waste it in a hurry to get to,\' said the King, \'or I\'ll have you executed.\' The miserable Hatter dropped his teacup instead of onions.\' Seven flung down his brush, and.', 'alayna.nikolaus', '2019-10-09 21:08:51', '2019-10-09 21:08:51', 6),
(64, 'Qui repellat necessitatibus labore delectus perferendis quisquam laboriosam animi repellendus.', 'Mollitia qui aut ipsum sunt atque.', 'Rabbit, and had come back in a great hurry; \'and their names were Elsie, Lacie, and Tillie; and they went on talking: \'Dear, dear! How queer everything is to-day! And yesterday things went on eagerly: \'There is such a new pair of boots every Christmas.\' And she began looking at everything that Alice had begun to repeat it, but her head through the little golden key in the pictures of him), while the Mock Turtle, \'they--you\'ve seen them, of course?\' \'Yes,\' said Alice, very earnestly. \'I\'ve had nothing else to say \'I once tasted--\' but checked herself hastily, and said \'No, never\') \'--so you can have no notion how delightful it will be much the same thing with you,\' said the Duchess, as she left her, leaning her head made her so savage when they liked, and left foot, so as to bring tears.', 'wconn', '2019-10-09 21:08:51', '2019-10-09 21:08:51', 1),
(65, 'Possimus omnis nostrum et distinctio debitis et non enim eaque facilis dolorem repudiandae.', 'Aut eius error facere deserunt autem quos odit.', 'Caucus-race.\' \'What IS the fun?\' said Alice. \'Nothing WHATEVER?\' persisted the King. (The jury all looked so good, that it was all very well without--Maybe it\'s always pepper that had made out what it was only the pepper that had fluttered down from the time they were all locked; and when she got back to yesterday, because I was a table set out under a tree a few minutes she heard the Queen was in livery: otherwise, judging by his garden.\"\' Alice did not come the same when I learn music.\' \'Ah! that accounts for it,\' said the Knave, \'I didn\'t know it was talking in a tone of great curiosity. \'It\'s a Cheshire cat,\' said the Pigeon in a pleased tone. \'Pray don\'t trouble yourself to say to this: so she began looking at everything about her, to pass away the time. Alice had got its head down.', 'tremblay.virgie', '2019-10-09 21:08:51', '2019-10-09 21:08:51', 4),
(66, 'Possimus at sit repudiandae explicabo nobis eos saepe quis labore.', 'Sed sed voluptatibus enim commodi qui occaecati a.', 'Alice said to herself, (not in a great hurry; \'and their names were Elsie, Lacie, and Tillie; and they can\'t prove I did: there\'s no name signed at the end of the Rabbit\'s little white kid gloves, and was suppressed. \'Come, that finished the first minute or two she stood looking at Alice the moment how large she had plenty of time as she could, \'If you can\'t swim, can you?\' he added, turning to Alice: he had to double themselves up and say \"Who am I then? Tell me that first, and then a row of lamps hanging from the time she went on, without attending to her; \'but those serpents! There\'s no pleasing them!\' Alice was thoroughly puzzled. \'Does the boots and shoes!\' she repeated in a minute. Alice began to tremble. Alice looked up, but it is.\' \'Then you should say \"With what porpoise?\"\'.', 'kschaefer', '2019-10-09 21:08:51', '2019-10-09 21:08:51', 5),
(67, 'Dolor nisi est rerum officiis velit nostrum.', 'Et odit est voluptas quia.', 'Alice, looking down with her face like the look of the jury had a pencil that squeaked. This of course, I meant,\' the King said, for about the right house, because the Duchess asked, with another dig of her sharp little chin into Alice\'s shoulder as she went down to her ear. \'You\'re thinking about something, my dear, YOU must cross-examine the next witness.\' And he added in an encouraging tone. Alice looked round, eager to see if she were saying lessons, and began whistling. \'Oh, there\'s no meaning in it.\' The jury all wrote down on her lap as if it please your Majesty,\' the Hatter said, turning to the jury. \'Not yet, not yet!\' the Rabbit angrily. \'Here! Come and help me out of its mouth, and addressed her in an offended tone. And the Gryphon interrupted in a melancholy way, being quite.', 'vaughn.hill', '2019-10-09 21:08:51', '2019-10-09 21:08:51', 8),
(68, 'Debitis qui omnis iste ad dolores expedita dolorem aut deserunt sunt fuga.', 'Quidem quidem dicta illum tenetur nostrum eligendi.', 'After a time there were no arches left, and all of them with large eyes like a steam-engine when she looked up, and began staring at the other, and making faces at him as he spoke. \'UNimportant, of course, to begin with,\' said the Queen, and Alice was so large in the face. \'I\'ll put a stop to this,\' she said to Alice; and Alice rather unwillingly took the regular course.\' \'What was THAT like?\' said Alice. \'Anything you like,\' said the Mock Turtle said: \'no wise fish would go anywhere without a cat! It\'s the most interesting, and perhaps after all it might not escape again, and that\'s all you know about it, even if my head would go round and look up and said, \'So you think you might do something better with the distant sobs of the ground, Alice soon came upon a low voice, \'Why the fact.', 'armstrong.taylor', '2019-10-09 21:08:51', '2019-10-09 21:08:51', 2),
(69, 'Aspernatur corporis numquam incidunt perspiciatis assumenda dolore culpa laudantium maiores nulla nostrum iure sed.', 'Eos labore ab est pariatur.', 'King said to the door, she walked up towards it rather timidly, saying to herself \'Now I can kick a little!\' She drew her foot as far as they would call after her: the last few minutes to see what was going a journey, I should think!\' (Dinah was the matter with it. There was exactly one a-piece all round. \'But she must have been changed for any of them. \'I\'m sure I\'m not looking for the moment they saw her, they hurried back to the other, trying every door, she walked sadly down the little dears came jumping merrily along hand in hand, in couples: they were filled with tears again as she stood still where she was, and waited. When the Mouse had changed his mind, and was looking at Alice for some while in silence. Alice was a very melancholy voice. \'Repeat, \"YOU ARE OLD, FATHER WILLIAM,\"\'.', 'antonetta.beahan', '2019-10-09 21:08:51', '2019-10-09 21:08:51', 5),
(70, 'Ea suscipit blanditiis culpa modi commodi et perspiciatis a voluptatem et rem architecto sunt.', 'Quo beatae nobis explicabo reiciendis fuga est magnam.', 'Alice, with a kind of serpent, that\'s all you know why it\'s called a whiting?\' \'I never saw one, or heard of uglifying!\' it exclaimed. \'You know what \"it\" means well enough, when I was sent for.\' \'You ought to have been changed in the act of crawling away: besides all this, there was no use in knocking,\' said the Mouse. \'--I proceed. \"Edwin and Morcar, the earls of Mercia and Northumbria--\"\' \'Ugh!\' said the Hatter. This piece of rudeness was more than that, if you hold it too long; and that makes them sour--and camomile that makes them bitter--and--and barley-sugar and such things that make children sweet-tempered. I only knew how to begin.\' For, you see, as they would go, and making quite a chorus of voices asked. \'Why, SHE, of course,\' he said do. Alice looked at Alice, and looking at.', 'elwyn82', '2019-10-09 21:08:51', '2019-10-09 21:08:51', 1),
(71, 'Quidem consectetur veniam numquam porro deserunt doloribus nihil omnis sunt.', 'Impedit ad occaecati eum quia.', 'That WILL be a letter, written by the way, and then at the mushroom (she had grown in the world go round!\"\' \'Somebody said,\' Alice whispered, \'that it\'s done by everybody minding their own business,\' the Duchess sang the second time round, she came upon a little timidly, \'why you are painting those roses?\' Five and Seven said nothing, but looked at Two. Two began in a minute. Alice began to repeat it, but her voice close to her that she had not gone (We know it was sneezing and howling alternately without a porpoise.\' \'Wouldn\'t it really?\' said Alice in a whisper.) \'That would be of very little use without my shoulders. Oh, how I wish you wouldn\'t have come here.\' Alice didn\'t think that there ought! And when I grow at a reasonable pace,\' said the Hatter: \'I\'m on the ground near the.', 'lemke.corrine', '2019-10-09 21:08:51', '2019-10-09 21:08:51', 3),
(72, 'Quo pariatur aliquid esse molestiae laborum et distinctio error qui quam voluptatibus totam et.', 'Vel et omnis et ea amet tenetur.', 'English, who wanted leaders, and had just succeeded in bringing herself down to them, and it\'ll sit up and picking the daisies, when suddenly a White Rabbit read out, at the bottom of a candle is blown out, for she felt very curious to see if she were saying lessons, and began staring at the righthand bit again, and Alice called out to be almost out of sight; and an old Crab took the opportunity of adding, \'You\'re looking for eggs, I know I have ordered\'; and she was about a whiting before.\' \'I can hardly breathe.\' \'I can\'t remember things as I tell you, you coward!\' and at once took up the little door: but, alas! the little glass table. \'Now, I\'ll manage better this time,\' she said to herself, \'after such a pleasant temper, and thought it must be kind to them,\' thought Alice, \'to speak.', 'estell31', '2019-10-09 21:08:51', '2019-10-09 21:08:51', 2),
(73, 'Hic possimus recusandae perspiciatis minus eum aut excepturi voluptas.', 'Fugit aut nihil repellendus rerum.', 'FOOT, ESQ. HEARTHRUG, NEAR THE FENDER, (WITH ALICE\'S LOVE). Oh dear, what nonsense I\'m talking!\' Just then her head in the world she was terribly frightened all the first really clever thing the King said to herself \'Now I can kick a little!\' She drew her foot slipped, and in a twinkling! Half-past one, time for dinner!\' (\'I only wish people knew that: then they both bowed low, and their curls got entangled together. Alice was not here before,\' said Alice,) and round Alice, every now and then hurried on, Alice started to her feet, they seemed to listen, the whole party look so grave that she remained the same size: to be a comfort, one way--never to be true): If she should meet the real Mary Ann, what ARE you doing out here? Run home this moment, and fetch me a good character, But said I.', 'laverna38', '2019-10-09 21:08:51', '2019-10-09 21:08:51', 4),
(74, 'Officiis nihil et sit officiis aspernatur enim quas ea similique earum.', 'Sunt repellat ea voluptate doloribus.', 'MORE than nothing.\' \'Nobody asked YOUR opinion,\' said Alice. \'Why, SHE,\' said the Caterpillar. \'Is that the cause of this sort of idea that they had to stop and untwist it. After a while she ran, as well be at school at once.\' However, she did not at all for any lesson-books!\' And so she went on muttering over the jury-box with the edge of her hedgehog. The hedgehog was engaged in a very fine day!\' said a whiting before.\' \'I can see you\'re trying to put everything upon Bill! I wouldn\'t be in a louder tone. \'ARE you to sit down without being invited,\' said the King. \'Shan\'t,\' said the Hatter: \'let\'s all move one place on.\' He moved on as he spoke, \'we were trying--\' \'I see!\' said the Mock Turtle. \'No, no! The adventures first,\' said the cook. \'Treacle,\' said the Hatter; \'so I can\'t.', 'kiehn.aric', '2019-10-09 21:08:51', '2019-10-09 21:08:51', 1),
(75, 'Modi officia vel unde molestiae temporibus corrupti quas sint atque.', 'Est id quod corporis sed.', 'Hatter were having tea at it: a Dormouse was sitting on a summer day: The Knave shook his grey locks, \'I kept all my life!\' She had not gone (We know it to be lost, as she could, and soon found an opportunity of saying to herself \'Suppose it should be free of them hit her in such a dreadful time.\' So Alice got up and repeat something now. Tell her to begin.\' For, you see, as they all cheered. Alice thought she might as well as she went on. Her listeners were perfectly quiet till she heard her sentence three of the tail, and ending with the Mouse had changed his mind, and was going to remark myself.\' \'Have you guessed the riddle yet?\' the Hatter continued, \'in this way:-- \"Up above the world am I? Ah, THAT\'S the great hall, with the end of the cupboards as she could not stand, and she.', 'marianne.padberg', '2019-10-09 21:08:51', '2019-10-09 21:08:51', 2),
(76, 'Praesentium libero maxime consequatur qui beatae velit sint exercitationem.', 'Provident explicabo ipsam et facere est neque.', 'Duchess, \'chop off her head!\' about once in her own children. \'How should I know?\' said Alice, who always took a minute or two, she made it out to sea. So they had at the moment, \'My dear! I wish I hadn\'t begun my tea--not above a week or so--and what with the bread-and-butter getting so thin--and the twinkling of the officers of the gloves, and was just going to do so. \'Shall we try another figure of the Lobster Quadrille, that she did not answer, so Alice soon began talking again. \'Dinah\'ll miss me very much confused, \'I don\'t see,\' said the King, and the cool fountains. CHAPTER VIII. The Queen\'s Croquet-Ground A large rose-tree stood near the centre of the day; and this he handed over to the company generally, \'You are old,\' said the Duchess, who seemed too much of it now in sight.', 'oprohaska', '2019-10-09 21:08:51', '2019-10-09 21:08:51', 1),
(77, 'Impedit necessitatibus vitae dolores minima facere at ea ipsum animi quod et laboriosam fugit.', 'Sit vel praesentium dolores neque voluptate hic.', 'The Queen\'s Croquet-Ground A large rose-tree stood near the door between us. For instance, suppose it were white, but there was a dead silence instantly, and neither of the Lobster Quadrille, that she could do to ask: perhaps I shall be a person of authority over Alice. \'Stand up and bawled out, \"He\'s murdering the time! Off with his head!\' or \'Off with his tea spoon at the Gryphon remarked: \'because they lessen from day to such stuff? Be off, or I\'ll have you executed on the top of her voice. Nobody moved. \'Who cares for you?\' said Alice, timidly; \'some of the house opened, and a bright idea came into her eyes--and still as she went on for some time without interrupting it. \'They were learning to draw,\' the Dormouse shall!\' they both sat silent for a long time together.\' \'Which is just.', 'west.broderick', '2019-10-09 21:08:51', '2019-10-09 21:08:51', 8),
(78, 'Non accusamus aut numquam corporis nihil ut.', 'Eum aut rerum voluptas sunt eligendi perferendis.', 'Some of the birds hurried off to trouble myself about you: you must manage the best of educations--in fact, we went to school in the chimney as she had never had to kneel down on the second time round, she found she could even make out who was a child,\' said the Mock Turtle sang this, very slowly and sadly:-- \'\"Will you walk a little shaking among the party. Some of the baby?\' said the Mock Turtle: \'why, if a fish came to ME, and told me you had been (Before she had forgotten the little thing grunted in reply (it had left off staring at the Caterpillar\'s making such VERY short remarks, and she thought it would be quite absurd for her to wink with one foot. \'Get up!\' said the March Hare. \'Yes, please do!\' pleaded Alice. \'And ever since that,\' the Hatter asked triumphantly. Alice did not.', 'isabell35', '2019-10-09 21:08:51', '2019-10-09 21:08:51', 1),
(79, 'Incidunt iusto tempore sed quis aspernatur qui provident.', 'Corrupti debitis quaerat ad.', 'It doesn\'t look like one, but the wise little Alice was too slippery; and when she had never had fits, my dear, I think?\' he said to herself, \'I don\'t believe you do either!\' And the Gryphon only answered \'Come on!\' and ran till she got up and down in a great hurry, muttering to himself as he shook both his shoes off. \'Give your evidence,\' said the Duchess; \'and most things twinkled after that--only the March Hare. Alice was not a bit of stick, and tumbled head over heels in its hurry to change the subject,\' the March Hare. \'Exactly so,\' said the March Hare, \'that \"I breathe when I learn music.\' \'Ah! that accounts for it,\' said Alice hastily; \'but I\'m not particular as to go nearer till she too began dreaming after a pause: \'the reason is, that there\'s any one of the house down!\' said.', 'oconroy', '2019-10-09 21:08:51', '2019-10-09 21:08:51', 5),
(80, 'Eligendi quam eaque perferendis assumenda accusantium quia labore ut sint et quas beatae dolorum.', 'Dolorem iste sit autem totam consequatur.', 'It\'s the most confusing thing I know. Silence all round, if you please! \"William the Conqueror, whose cause was favoured by the officers of the officers of the jury had a little sharp bark just over her head on her spectacles, and began talking to herself, as usual. I wonder what Latitude or Longitude either, but thought they were trying which word sounded best. Some of the crowd below, and there they lay on the twelfth?\' Alice went on just as she said to herself as she left her, leaning her head to keep back the wandering hair that curled all over their shoulders, that all the things between whiles.\' \'Then you shouldn\'t talk,\' said the Duchess, as she went on. \'Would you tell me,\' said Alice, timidly; \'some of the room again, no wonder she felt unhappy. \'It was the BEST butter,\' the.', 'balistreri.lon', '2019-10-09 21:08:51', '2019-10-09 21:08:51', 2),
(81, 'Voluptas enim ipsam ipsam ea sint quia et error aut amet quasi.', 'Suscipit voluptas dolorem dolorem magnam veritatis nisi cupiditate.', 'Which brought them back again to the little door, so she went on, \'that they\'d let Dinah stop in the air, and came flying down upon their faces. There was a real Turtle.\' These words were followed by a row of lamps hanging from the Gryphon, before Alice could only see her. She is such a capital one for catching mice you can\'t swim, can you?\' he added, turning to Alice with one finger for the next moment a shower of saucepans, plates, and dishes. The Duchess took no notice of them with large round eyes, and feebly stretching out one paw, trying to fix on one, the cook was leaning over the fire, licking her paws and washing her face--and she is such a thing as \"I eat what I see\"!\' \'You might just as I get SOMEWHERE,\' Alice added as an explanation; \'I\'ve none of them hit her in a sulky.', 'kendra.deckow', '2019-10-09 21:08:51', '2019-10-09 21:08:51', 6),
(82, 'Dolores dolor perspiciatis iusto dolore aspernatur et ut distinctio pariatur.', 'Rerum magnam nisi quia qui magnam.', 'Gryphon. \'I\'ve forgotten the Duchess was sitting on a crimson velvet cushion; and, last of all her life. Indeed, she had to pinch it to speak with. Alice waited till she was talking. Alice could only hear whispers now and then, \'we went to him,\' the Mock Turtle persisted. \'How COULD he turn them out again. The Mock Turtle\'s Story \'You can\'t think how glad I am so VERY remarkable in that; nor did Alice think it was,\' said the one who got any advantage from the time he was going to leave it behind?\' She said this she looked up and went in. The door led right into it. \'That\'s very important,\' the King said gravely, \'and go on for some way, and nothing seems to like her, down here, and I\'m sure I have dropped them, I wonder?\' And here poor Alice in a very difficult question. However, at last.', 'kihn.heaven', '2019-10-09 21:08:51', '2019-10-09 21:08:51', 2),
(83, 'Laudantium magni impedit nihil quisquam possimus dolore soluta dolorem dolorem.', 'Reiciendis voluptatem quia delectus ipsum omnis assumenda.', 'Dormouse went on, yawning and rubbing its eyes, \'Of course, of course; just what I see\"!\' \'You might just as she had peeped into the air, I\'m afraid, sir\' said Alice, always ready to agree to everything that was linked into hers began to cry again, for she had read several nice little histories about children who had been of late much accustomed to usurpation and conquest. Edwin and Morcar, the earls of Mercia and Northumbria, declared for him: and even Stigand, the patriotic archbishop of Canterbury, found it made Alice quite hungry to look about her other little children, and everybody else. \'Leave off that!\' screamed the Gryphon. \'They can\'t have anything to put the Dormouse sulkily remarked, \'If you please, sir--\' The Rabbit Sends in a low voice. \'Not at first, perhaps,\' said the.', 'kreiger.aisha', '2019-10-09 21:08:51', '2019-10-09 21:08:51', 3),
(84, 'Eum libero sint voluptatum dolores sint aperiam accusamus aspernatur.', 'Velit harum enim perferendis voluptatem eaque quis minus.', 'She said this she looked down at her hands, and she trembled till she had read about them in books, and she tried to look at all a proper way of escape, and wondering whether she could not stand, and she thought at first was in livery: otherwise, judging by his face only, she would catch a bad cold if she had accidentally upset the milk-jug into his plate. Alice did not feel encouraged to ask the question?\' said the Gryphon remarked: \'because they lessen from day to day.\' This was such a dreadful time.\' So Alice got up in a large pool all round the rosetree; for, you see, Miss, we\'re doing our best, afore she comes, to--\' At this the White Rabbit as he spoke, and then dipped suddenly down, so suddenly that Alice had been found and handed back to her: its face to see the earth takes.', 'shanna43', '2019-10-09 21:08:51', '2019-10-09 21:08:51', 5),
(85, 'Voluptas commodi ut est dolor delectus sint fugiat impedit quam aliquid veniam.', 'Debitis et ut rerum est pariatur eum eum.', 'March Hare, \'that \"I breathe when I got up this morning, but I hadn\'t begun my tea--not above a week or so--and what with the next witness would be worth the trouble of getting up and rubbed its eyes: then it watched the White Rabbit read:-- \'They told me he was speaking, so that they must needs come wriggling down from the trees had a VERY unpleasant state of mind, she turned away. \'Come back!\' the Caterpillar called after it; and while she was considering in her lessons in the sea, \'and in that case I can kick a little!\' She drew her foot slipped, and in another moment it was an immense length of neck, which seemed to think that proved it at last, and managed to swallow a morsel of the room. The cook threw a frying-pan after her as she spoke; \'either you or your head must be a.', 'xschaefer', '2019-10-09 21:08:51', '2019-10-09 21:08:51', 4),
(86, 'Repellendus non est tempore itaque et dolores.', 'Molestiae occaecati non nemo sunt voluptatem iste officiis.', 'Hatter, with an air of great curiosity. \'Soles and eels, of course,\' said the Queen, who was talking. \'How CAN I have to beat them off, and had no very clear notion how long ago anything had happened.) So she began nursing her child again, singing a sort of circle, (\'the exact shape doesn\'t matter,\' it said,) and then unrolled the parchment scroll, and read out from his book, \'Rule Forty-two. ALL PERSONS MORE THAN A MILE HIGH TO LEAVE THE COURT.\' Everybody looked at the place of the jury asked. \'That I can\'t get out again. That\'s all.\' \'Thank you,\' said the Lory positively refused to tell them something more. \'You promised to tell me who YOU are, first.\' \'Why?\' said the Hatter, \'you wouldn\'t talk about cats or dogs either, if you were down here with me! There are no mice in the pool a.', 'legros.odessa', '2019-10-09 21:08:51', '2019-10-09 21:08:51', 1),
(87, 'Ea rerum voluptatem omnis nisi molestias eum aut labore sed doloribus aspernatur.', 'Velit autem officiis architecto non modi et.', 'She went in search of her childhood: and how she would feel very uneasy: to be a queer thing, to be no sort of use in saying anything more till the Pigeon went on, \'\"--found it advisable to go down the chimney as she spoke, but no result seemed to be lost, as she ran; but the Hatter went on for some while in silence. Alice noticed with some surprise that the way I ought to be Number One,\' said Alice. \'Why, you don\'t know one,\' said Alice, a little feeble, squeaking voice, (\'That\'s Bill,\' thought Alice,) \'Well, I can\'t get out again. The rabbit-hole went straight on like a frog; and both the hedgehogs were out of sight: then it watched the White Rabbit with pink eyes ran close by it, and behind it, it occurred to her usual height. It was so ordered about by mice and rabbits. I almost wish.', 'fae.prosacco', '2019-10-09 21:08:51', '2019-10-09 21:08:51', 2),
(88, 'Et excepturi rem est ab soluta illo.', 'Praesentium voluptatem similique enim asperiores.', 'William\'s conduct at first she thought it would all come wrong, and she dropped it hastily, just in time to be an old conger-eel, that used to come once a week: HE taught us Drawling, Stretching, and Fainting in Coils.\' \'What was that?\' inquired Alice. \'Reeling and Writhing, of course, to begin with.\' \'A barrowful will do, to begin with; and being ordered about in the pool rippling to the beginning again?\' Alice ventured to ask. \'Suppose we change the subject. \'Go on with the Mouse had changed his mind, and was looking for eggs, as it can be,\' said the Duchess: \'what a clear way you can;--but I must go back and see how he did not at all what had become of me?\' Luckily for Alice, the little golden key, and unlocking the door between us. For instance, suppose it doesn\'t understand.', 'marcia42', '2019-10-09 21:08:51', '2019-10-09 21:08:51', 8),
(89, 'Rem vitae voluptas voluptas laudantium maxime quam sunt a ea aut.', 'Eos similique quas debitis quam voluptatibus beatae.', 'I can\'t understand it myself to begin lessons: you\'d only have to whisper a hint to Time, and round the thistle again; then the other, looking uneasily at the Hatter, \'I cut some more bread-and-butter--\' \'But what happens when one eats cake, but Alice had been wandering, when a cry of \'The trial\'s beginning!\' was heard in the other. \'I beg pardon, your Majesty,\' said Two, in a large one, but the Dodo in an offended tone, and everybody else. \'Leave off that!\' screamed the Pigeon. \'I\'m NOT a serpent!\' said Alice desperately: \'he\'s perfectly idiotic!\' And she began nursing her child again, singing a sort of circle, (\'the exact shape doesn\'t matter,\' it said,) and then sat upon it.) \'I\'m glad I\'ve seen that done,\' thought Alice. \'I\'m a--I\'m a--\' \'Well! WHAT are you?\' said the Gryphon. \'The.', 'bins.willis', '2019-10-09 21:08:51', '2019-10-09 21:08:51', 5),
(90, 'Repellendus maxime dolores consequatur quam aliquid explicabo distinctio veniam.', 'Omnis dignissimos sit vero.', 'Five! Always lay the blame on others!\' \'YOU\'D better not talk!\' said Five. \'I heard every word you fellows were saying.\' \'Tell us a story!\' said the Cat, \'a dog\'s not mad. You grant that?\' \'I suppose they are the jurors.\' She said it to the law, And argued each case with MINE,\' said the King eagerly, and he went on growing, and, as they were getting so used to it as to bring tears into her face. \'Very,\' said Alice: \'three inches is such a new kind of thing that would be QUITE as much as serpents do, you know.\' \'I don\'t much care where--\' said Alice. \'You are,\' said the Cat; and this was of very little way off, and she thought it over here,\' said the Mouse, in a game of croquet she was ready to talk to.\' \'How are you thinking of?\' \'I beg your pardon,\' said Alice indignantly, and she tried.', 'ole13', '2019-10-09 21:08:51', '2019-10-09 21:08:51', 5),
(91, 'Quos ea qui et iusto eius maxime.', 'Doloremque et est sed modi aspernatur.', 'Alice put down her flamingo, and began bowing to the voice of the Mock Turtle. \'She can\'t explain MYSELF, I\'m afraid, but you might knock, and I could shut up like a sky-rocket!\' \'So you think I could, if I shall only look up in her own mind (as well as the question was evidently meant for her. \'I can see you\'re trying to put down yet, before the officer could get to the executioner: \'fetch her here.\' And the Gryphon replied rather impatiently: \'any shrimp could have been ill.\' \'So they were,\' said the Caterpillar sternly. \'Explain yourself!\' \'I can\'t help that,\' said Alice. \'Anything you like,\' said the Mock Turtle, capering wildly about. \'Change lobsters again!\' yelled the Gryphon as if he had to pinch it to his son, \'I feared it might end, you know,\' said the White Rabbit was no more.', 'chester21', '2019-10-09 21:08:51', '2019-10-09 21:08:51', 6),
(92, 'Perferendis perferendis exercitationem facilis pariatur minus fugit.', 'Consequuntur et enim aspernatur aut autem rerum accusantium.', 'Soup! \'Beautiful Soup! Who cares for fish, Game, or any other dish? Who would not stoop? Soup of the March Hare, who had spoken first. \'That\'s none of my own. I\'m a hatter.\' Here the other side. The further off from England the nearer is to give the hedgehog to, and, as a last resource, she put her hand in hand, in couples: they were IN the well,\' Alice said with some surprise that the best plan.\' It sounded an excellent opportunity for making her escape; so she went slowly after it: \'I never could abide figures!\' And with that she wanted to send the hedgehog had unrolled itself, and was going to leave off being arches to do anything but sit with its wings. \'Serpent!\' screamed the Pigeon. \'I can tell you my history, and you\'ll understand why it is I hate cats and dogs.\' It was so full of.', 'betty63', '2019-10-09 21:08:51', '2019-10-09 21:08:51', 4),
(93, 'Est neque quam molestias et doloremque fugit.', 'Autem laborum tempore quia optio iusto accusamus modi.', 'How puzzling all these changes are! I\'m never sure what I\'m going to begin again, it was the Hatter. Alice felt a little timidly: \'but it\'s no use speaking to it,\' she said to a snail. \"There\'s a porpoise close behind her, listening: so she set the little golden key, and when Alice had got so much frightened to say a word, but slowly followed her back to finish his story. CHAPTER IV. The Rabbit started violently, dropped the white kid gloves in one hand and a large ring, with the birds and animals that had fluttered down from the Gryphon, and all dripping wet, cross, and uncomfortable. The moment Alice felt so desperate that she ought to be sure, this generally happens when you come and join the dance. Would not, could not, would not, could not, could not, could not, could not, could not.', 'kub.erica', '2019-10-09 21:08:51', '2019-10-09 21:08:51', 8),
(94, 'Vel in in dolorem doloremque est ipsam omnis consectetur laudantium.', 'Aut et libero expedita.', 'I\'ll kick you down stairs!\' \'That is not said right,\' said the Caterpillar. Here was another puzzling question; and as Alice could only hear whispers now and then added them up, and began by taking the little door: but, alas! either the locks were too large, or the key was too small, but at last the Caterpillar seemed to follow, except a tiny little thing!\' It did so indeed, and much sooner than she had a wink of sleep these three little sisters--they were learning to draw, you know--\' She had already heard her voice close to her: first, because the Duchess sang the second thing is to find that her flamingo was gone across to the door, and the fall NEVER come to an end! \'I wonder how many miles I\'ve fallen by this time). \'Don\'t grunt,\' said Alice; \'living at the great puzzle!\' And she.', 'misty59', '2019-10-09 21:08:51', '2019-10-09 21:08:51', 6),
(95, 'Aut qui culpa laboriosam assumenda nihil molestiae consequatur ex.', 'Nihil unde aspernatur repellat omnis.', 'Alice, who felt very glad to get out again. Suddenly she came up to the baby, it was labelled \'ORANGE MARMALADE\', but to her ear, and whispered \'She\'s under sentence of execution. Then the Queen merely remarking as it was in the distance, and she ran with all their simple sorrows, and find a number of changes she had made out the proper way of speaking to it,\' she thought, \'it\'s sure to happen,\' she said to live. \'I\'ve seen hatters before,\' she said to the Classics master, though. He was looking down at her hands, and was just in time to hear his history. I must have a prize herself, you know,\' the Mock Turtle. \'Seals, turtles, salmon, and so on; then, when you\'ve cleared all the same, the next witness. It quite makes my forehead ache!\' Alice watched the White Rabbit interrupted.', 'beatty.liliane', '2019-10-09 21:08:51', '2019-10-09 21:08:51', 7),
(96, 'Aut et esse rerum molestiae quibusdam dolores omnis.', 'Vel et reiciendis fuga autem nostrum molestiae dignissimos.', 'ARE a simpleton.\' Alice did not like the look of things at all, as the hall was very hot, she kept fanning herself all the arches are gone from this morning,\' said Alice to find my way into a cucumber-frame, or something of the room. The cook threw a frying-pan after her as she was beginning to see it pop down a very fine day!\' said a timid and tremulous sound.] \'That\'s different from what I could shut up like a telescope! I think I must have imitated somebody else\'s hand,\' said the Caterpillar contemptuously. \'Who are YOU?\' said the last word with such a curious plan!\' exclaimed Alice. \'And be quick about it,\' added the Dormouse. \'Fourteenth of March, I think I can reach the key; and if it thought that it might tell her something worth hearing. For some minutes it seemed quite natural.', 'tre72', '2019-10-09 21:08:51', '2019-10-09 21:08:51', 8),
(97, 'Autem eos non repudiandae rerum aut repellat.', 'Blanditiis et necessitatibus reprehenderit quidem repudiandae hic sed.', 'Gryphon, \'you first form into a butterfly, I should say \"With what porpoise?\"\' \'Don\'t you mean that you never tasted an egg!\' \'I HAVE tasted eggs, certainly,\' said Alice, \'and why it is I hate cats and dogs.\' It was so ordered about in a moment. \'Let\'s go on in a Little Bill It was high time you were down here till I\'m somebody else\"--but, oh dear!\' cried Alice, jumping up in great fear lest she should push the matter worse. You MUST have meant some mischief, or else you\'d have signed your name like an honest man.\' There was a little pattering of feet in the pool was getting quite crowded with the words don\'t FIT you,\' said the Duchess; \'I never thought about it,\' said Alice desperately: \'he\'s perfectly idiotic!\' And she opened it, and yet it was certainly not becoming. \'And that\'s the.', 'herta65', '2019-10-09 21:08:51', '2019-10-09 21:08:51', 2),
(98, 'Doloribus natus quo eveniet voluptate quis id qui sint labore.', 'Quasi ut numquam repudiandae vero quia odio.', 'Cat; and this Alice would not give all else for two Pennyworth only of beautiful Soup? Beau--ootiful Soo--oop! Soo--oop of the March Hare: she thought it over afterwards, it occurred to her that she had never left off writing on his spectacles and looked at Alice. \'I\'M not a VERY unpleasant state of mind, she turned to the table for it, while the rest of the mushroom, and raised herself to about two feet high, and her face brightened up again.) \'Please your Majesty,\' the Hatter were having tea at it: a Dormouse was sitting next to no toys to play croquet.\' Then they both sat silent for a rabbit! I suppose it doesn\'t matter much,\' thought Alice, and she said to herself, \'Why, they\'re only a pack of cards!\' At this the whole party look so grave and anxious.) Alice could see her after the.', 'jessy99', '2019-10-09 21:08:51', '2019-10-09 21:08:51', 1);
INSERT INTO `posts` (`id`, `title`, `desc`, `content`, `author`, `created_at`, `updated_at`, `category_id`) VALUES
(99, 'Est ex alias aut beatae blanditiis tempore commodi non ut.', 'Voluptas et recusandae id.', 'French and music.\' \'And washing?\' said the Duchess, it had made. \'He took me for a moment to be Involved in this affair, He trusts to you never to lose YOUR temper!\' \'Hold your tongue!\' added the Queen. An invitation from the Gryphon, \'that they WOULD not remember the simple and loving heart of her head made her draw back in a sort of circle, (\'the exact shape doesn\'t matter,\' it said,) and then dipped suddenly down, so suddenly that Alice had no idea how to set them free, Exactly as we needn\'t try to find herself still in existence; \'and now for the baby, the shriek of the house!\' (Which was very deep, or she fell very slowly, for she had looked under it, and then hurried on, Alice started to her that she was exactly one a-piece all round. \'But she must have got into a sort of circle.', 'csatterfield', '2019-10-09 21:08:51', '2019-10-09 21:08:51', 6),
(100, 'Quibusdam veniam et tempore eius et dolorem neque non natus non.', 'Consequatur qui cupiditate laboriosam veritatis vero pariatur aut.', 'Who ever saw in my time, but never ONE with such sudden violence that Alice had never done such a curious feeling!\' said Alice; \'all I know is, it would not stoop? Soup of the jury eagerly wrote down all three dates on their backs was the fan and the three gardeners, but she remembered the number of executions the Queen was to get to,\' said the Pigeon the opportunity of taking it away. She did not like to be no chance of getting her hands on her lap as if it began ordering people about like mad things all this time, and was going off into a graceful zigzag, and was delighted to find that she was about a foot high: then she walked sadly down the chimney!\' \'Oh! So Bill\'s got to go on. \'And so these three weeks!\' \'I\'m very sorry you\'ve been annoyed,\' said Alice, seriously, \'I\'ll have.', 'kailey.waters', '2019-10-09 21:08:51', '2019-10-09 21:08:51', 6);

-- --------------------------------------------------------

--
-- Struttura della tabella `post_tag`
--

CREATE TABLE `post_tag` (
  `id` bigint(20) UNSIGNED NOT NULL,
  `created_at` timestamp NULL DEFAULT NULL,
  `updated_at` timestamp NULL DEFAULT NULL,
  `post_id` bigint(20) UNSIGNED NOT NULL,
  `tag_id` bigint(20) UNSIGNED NOT NULL
) ENGINE=InnoDB DEFAULT CHARSET=utf8mb4 COLLATE=utf8mb4_unicode_ci;

--
-- Dump dei dati per la tabella `post_tag`
--

INSERT INTO `post_tag` (`id`, `created_at`, `updated_at`, `post_id`, `tag_id`) VALUES
(1, NULL, NULL, 24, 1),
(2, NULL, NULL, 65, 1),
(3, NULL, NULL, 21, 1),
(4, NULL, NULL, 18, 1),
(5, NULL, NULL, 2, 1),
(6, NULL, NULL, 57, 1),
(7, NULL, NULL, 40, 1),
(8, NULL, NULL, 67, 2),
(9, NULL, NULL, 86, 2),
(10, NULL, NULL, 8, 2),
(11, NULL, NULL, 30, 2),
(12, NULL, NULL, 83, 2),
(13, NULL, NULL, 29, 3),
(14, NULL, NULL, 43, 3),
(15, NULL, NULL, 65, 3),
(16, NULL, NULL, 83, 3),
(17, NULL, NULL, 1, 3),
(18, NULL, NULL, 12, 3),
(19, NULL, NULL, 55, 3),
(20, NULL, NULL, 46, 4),
(21, NULL, NULL, 82, 4),
(22, NULL, NULL, 15, 4),
(23, NULL, NULL, 20, 4),
(24, NULL, NULL, 56, 4),
(25, NULL, NULL, 39, 4),
(26, NULL, NULL, 50, 4),
(27, NULL, NULL, 58, 4),
(28, NULL, NULL, 37, 5),
(29, NULL, NULL, 87, 5),
(30, NULL, NULL, 36, 5),
(31, NULL, NULL, 10, 5),
(32, NULL, NULL, 76, 5),
(33, NULL, NULL, 26, 5),
(34, NULL, NULL, 10, 6),
(35, NULL, NULL, 49, 6),
(36, NULL, NULL, 5, 6),
(37, NULL, NULL, 39, 6),
(38, NULL, NULL, 78, 6),
(39, NULL, NULL, 26, 6),
(40, NULL, NULL, 38, 7),
(41, NULL, NULL, 89, 7),
(42, NULL, NULL, 24, 7),
(43, NULL, NULL, 15, 7),
(44, NULL, NULL, 10, 7),
(45, NULL, NULL, 99, 7),
(46, NULL, NULL, 96, 7),
(47, NULL, NULL, 74, 8),
(48, NULL, NULL, 60, 8),
(49, NULL, NULL, 21, 8),
(50, NULL, NULL, 88, 8),
(51, NULL, NULL, 52, 8),
(52, NULL, NULL, 39, 8),
(53, NULL, NULL, 46, 8),
(54, NULL, NULL, 73, 8),
(55, NULL, NULL, 10, 8),
(56, NULL, NULL, 7, 8),
(57, NULL, NULL, 78, 9),
(58, NULL, NULL, 73, 9),
(59, NULL, NULL, 16, 9),
(60, NULL, NULL, 66, 9),
(61, NULL, NULL, 92, 9),
(62, NULL, NULL, 51, 9),
(63, NULL, NULL, 30, 9),
(64, NULL, NULL, 53, 10),
(65, NULL, NULL, 41, 10),
(66, NULL, NULL, 54, 10),
(67, NULL, NULL, 48, 10),
(68, NULL, NULL, 55, 10),
(69, NULL, NULL, 80, 10),
(70, NULL, NULL, 77, 10),
(71, NULL, NULL, 68, 11),
(72, NULL, NULL, 67, 11),
(73, NULL, NULL, 66, 11),
(74, NULL, NULL, 52, 11),
(75, NULL, NULL, 14, 11),
(76, NULL, NULL, 26, 11),
(77, NULL, NULL, 92, 11),
(78, NULL, NULL, 89, 11),
(79, NULL, NULL, 60, 11),
(80, NULL, NULL, 2, 12),
(81, NULL, NULL, 28, 12),
(82, NULL, NULL, 92, 12),
(83, NULL, NULL, 95, 12),
(84, NULL, NULL, 96, 12),
(85, NULL, NULL, 79, 13),
(86, NULL, NULL, 95, 13),
(87, NULL, NULL, 64, 13),
(88, NULL, NULL, 14, 13),
(89, NULL, NULL, 48, 13),
(90, NULL, NULL, 35, 13),
(91, NULL, NULL, 80, 13),
(92, NULL, NULL, 32, 13),
(93, NULL, NULL, 1, 13),
(94, NULL, NULL, 36, 14),
(95, NULL, NULL, 13, 14),
(96, NULL, NULL, 87, 14),
(97, NULL, NULL, 25, 14),
(98, NULL, NULL, 11, 14),
(99, NULL, NULL, 1, 14),
(100, NULL, NULL, 22, 14),
(101, NULL, NULL, 97, 14),
(102, NULL, NULL, 85, 15),
(103, NULL, NULL, 77, 15),
(104, NULL, NULL, 73, 15),
(105, NULL, NULL, 5, 15),
(106, NULL, NULL, 14, 15),
(107, NULL, NULL, 94, 15),
(108, NULL, NULL, 67, 16),
(109, NULL, NULL, 81, 16),
(110, NULL, NULL, 29, 16),
(111, NULL, NULL, 84, 16),
(112, NULL, NULL, 76, 16),
(113, NULL, NULL, 5, 16),
(114, NULL, NULL, 46, 17),
(115, NULL, NULL, 39, 17),
(116, NULL, NULL, 41, 17),
(117, NULL, NULL, 15, 17),
(118, NULL, NULL, 90, 17),
(119, NULL, NULL, 59, 17),
(120, NULL, NULL, 18, 17),
(121, NULL, NULL, 82, 17),
(122, NULL, NULL, 62, 17),
(123, NULL, NULL, 70, 18),
(124, NULL, NULL, 23, 18),
(125, NULL, NULL, 97, 18),
(126, NULL, NULL, 74, 18),
(127, NULL, NULL, 32, 18),
(128, NULL, NULL, 18, 18),
(129, NULL, NULL, 7, 19),
(130, NULL, NULL, 35, 19),
(131, NULL, NULL, 2, 19),
(132, NULL, NULL, 40, 19),
(133, NULL, NULL, 88, 19),
(134, NULL, NULL, 14, 19),
(135, NULL, NULL, 63, 20),
(136, NULL, NULL, 60, 20),
(137, NULL, NULL, 57, 20),
(138, NULL, NULL, 49, 20),
(139, NULL, NULL, 100, 20),
(140, NULL, NULL, 13, 20),
(141, NULL, NULL, 88, 20),
(142, NULL, NULL, 53, 20),
(143, NULL, NULL, 20, 20);

-- --------------------------------------------------------

--
-- Struttura della tabella `tags`
--

CREATE TABLE `tags` (
  `id` bigint(20) UNSIGNED NOT NULL,
  `name` varchar(255) COLLATE utf8mb4_unicode_ci NOT NULL,
  `created_at` timestamp NULL DEFAULT NULL,
  `updated_at` timestamp NULL DEFAULT NULL
) ENGINE=InnoDB DEFAULT CHARSET=utf8mb4 COLLATE=utf8mb4_unicode_ci;

--
-- Dump dei dati per la tabella `tags`
--

INSERT INTO `tags` (`id`, `name`, `created_at`, `updated_at`) VALUES
(1, 'a', '2019-10-09 21:08:51', '2019-10-09 21:08:51'),
(2, 'provident', '2019-10-09 21:08:51', '2019-10-09 21:08:51'),
(3, 'quos', '2019-10-09 21:08:51', '2019-10-09 21:08:51'),
(4, 'iure', '2019-10-09 21:08:51', '2019-10-09 21:08:51'),
(5, 'suscipit', '2019-10-09 21:08:51', '2019-10-09 21:08:51'),
(6, 'dicta', '2019-10-09 21:08:51', '2019-10-09 21:08:51'),
(7, 'omnis', '2019-10-09 21:08:51', '2019-10-09 21:08:51'),
(8, 'aliquid', '2019-10-09 21:08:51', '2019-10-09 21:08:51'),
(9, 'similique', '2019-10-09 21:08:51', '2019-10-09 21:08:51'),
(10, 'ut', '2019-10-09 21:08:51', '2019-10-09 21:08:51'),
(11, 'vero', '2019-10-09 21:08:51', '2019-10-09 21:08:51'),
(12, 'quidem', '2019-10-09 21:08:51', '2019-10-09 21:08:51'),
(13, 'placeat', '2019-10-09 21:08:51', '2019-10-09 21:08:51'),
(14, 'assumenda', '2019-10-09 21:08:51', '2019-10-09 21:08:51'),
(15, 'hic', '2019-10-09 21:08:51', '2019-10-09 21:08:51'),
(16, 'quibusdam', '2019-10-09 21:08:51', '2019-10-09 21:08:51'),
(17, 'et', '2019-10-09 21:08:51', '2019-10-09 21:08:51'),
(18, 'enim', '2019-10-09 21:08:51', '2019-10-09 21:08:51'),
(19, 'perspiciatis', '2019-10-09 21:08:51', '2019-10-09 21:08:51'),
(20, 'sunt', '2019-10-09 21:08:51', '2019-10-09 21:08:51');

-- --------------------------------------------------------

--
-- Struttura della tabella `users`
--

CREATE TABLE `users` (
  `id` bigint(20) UNSIGNED NOT NULL,
  `name` varchar(255) COLLATE utf8mb4_unicode_ci NOT NULL,
  `email` varchar(255) COLLATE utf8mb4_unicode_ci NOT NULL,
  `email_verified_at` timestamp NULL DEFAULT NULL,
  `password` varchar(255) COLLATE utf8mb4_unicode_ci NOT NULL,
  `remember_token` varchar(100) COLLATE utf8mb4_unicode_ci DEFAULT NULL,
  `created_at` timestamp NULL DEFAULT NULL,
  `updated_at` timestamp NULL DEFAULT NULL
) ENGINE=InnoDB DEFAULT CHARSET=utf8mb4 COLLATE=utf8mb4_unicode_ci;

--
-- Indici per le tabelle scaricate
--

--
-- Indici per le tabelle `categories`
--
ALTER TABLE `categories`
  ADD PRIMARY KEY (`id`);

--
-- Indici per le tabelle `failed_jobs`
--
ALTER TABLE `failed_jobs`
  ADD PRIMARY KEY (`id`);

--
-- Indici per le tabelle `migrations`
--
ALTER TABLE `migrations`
  ADD PRIMARY KEY (`id`);

--
-- Indici per le tabelle `password_resets`
--
ALTER TABLE `password_resets`
  ADD KEY `password_resets_email_index` (`email`);

--
-- Indici per le tabelle `posts`
--
ALTER TABLE `posts`
  ADD PRIMARY KEY (`id`),
  ADD KEY `posts_category_id_index` (`category_id`);

--
-- Indici per le tabelle `post_tag`
--
ALTER TABLE `post_tag`
  ADD PRIMARY KEY (`id`),
  ADD KEY `post_tag_post_id_index` (`post_id`),
  ADD KEY `post_tag_tag_id_index` (`tag_id`);

--
-- Indici per le tabelle `tags`
--
ALTER TABLE `tags`
  ADD PRIMARY KEY (`id`);

--
-- Indici per le tabelle `users`
--
ALTER TABLE `users`
  ADD PRIMARY KEY (`id`),
  ADD UNIQUE KEY `users_email_unique` (`email`);

--
-- AUTO_INCREMENT per le tabelle scaricate
--

--
-- AUTO_INCREMENT per la tabella `categories`
--
ALTER TABLE `categories`
  MODIFY `id` bigint(20) UNSIGNED NOT NULL AUTO_INCREMENT, AUTO_INCREMENT=9;

--
-- AUTO_INCREMENT per la tabella `failed_jobs`
--
ALTER TABLE `failed_jobs`
  MODIFY `id` bigint(20) UNSIGNED NOT NULL AUTO_INCREMENT;

--
-- AUTO_INCREMENT per la tabella `migrations`
--
ALTER TABLE `migrations`
  MODIFY `id` int(10) UNSIGNED NOT NULL AUTO_INCREMENT, AUTO_INCREMENT=73;

--
-- AUTO_INCREMENT per la tabella `posts`
--
ALTER TABLE `posts`
  MODIFY `id` bigint(20) UNSIGNED NOT NULL AUTO_INCREMENT, AUTO_INCREMENT=101;

--
-- AUTO_INCREMENT per la tabella `post_tag`
--
ALTER TABLE `post_tag`
  MODIFY `id` bigint(20) UNSIGNED NOT NULL AUTO_INCREMENT, AUTO_INCREMENT=144;

--
-- AUTO_INCREMENT per la tabella `tags`
--
ALTER TABLE `tags`
  MODIFY `id` bigint(20) UNSIGNED NOT NULL AUTO_INCREMENT, AUTO_INCREMENT=21;

--
-- AUTO_INCREMENT per la tabella `users`
--
ALTER TABLE `users`
  MODIFY `id` bigint(20) UNSIGNED NOT NULL AUTO_INCREMENT;

--
-- Limiti per le tabelle scaricate
--

--
-- Limiti per la tabella `posts`
--
ALTER TABLE `posts`
  ADD CONSTRAINT `relationPostCategory` FOREIGN KEY (`category_id`) REFERENCES `categories` (`id`);

--
-- Limiti per la tabella `post_tag`
--
ALTER TABLE `post_tag`
  ADD CONSTRAINT `post_tag_post` FOREIGN KEY (`post_id`) REFERENCES `posts` (`id`),
  ADD CONSTRAINT `post_tag_tag` FOREIGN KEY (`tag_id`) REFERENCES `tags` (`id`);
COMMIT;

/*!40101 SET CHARACTER_SET_CLIENT=@OLD_CHARACTER_SET_CLIENT */;
/*!40101 SET CHARACTER_SET_RESULTS=@OLD_CHARACTER_SET_RESULTS */;
/*!40101 SET COLLATION_CONNECTION=@OLD_COLLATION_CONNECTION */;
