-- phpMyAdmin SQL Dump
-- version 4.9.0.1
-- https://www.phpmyadmin.net/
--
-- Host: localhost
-- Creato il: Ott 08, 2019 alle 23:51
-- Versione del server: 10.4.6-MariaDB
-- Versione PHP: 7.2.22

SET SQL_MODE = "NO_AUTO_VALUE_ON_ZERO";
SET AUTOCOMMIT = 0;
START TRANSACTION;
SET time_zone = "+00:00";


/*!40101 SET @OLD_CHARACTER_SET_CLIENT=@@CHARACTER_SET_CLIENT */;
/*!40101 SET @OLD_CHARACTER_SET_RESULTS=@@CHARACTER_SET_RESULTS */;
/*!40101 SET @OLD_COLLATION_CONNECTION=@@COLLATION_CONNECTION */;
/*!40101 SET NAMES utf8mb4 */;

--
-- Database: `db_social`
--

-- --------------------------------------------------------

--
-- Struttura della tabella `categories`
--

CREATE TABLE `categories` (
  `id` bigint(20) UNSIGNED NOT NULL,
  `name` varchar(255) COLLATE utf8mb4_unicode_ci NOT NULL,
  `created_at` timestamp NULL DEFAULT NULL,
  `updated_at` timestamp NULL DEFAULT NULL
) ENGINE=InnoDB DEFAULT CHARSET=utf8mb4 COLLATE=utf8mb4_unicode_ci;

--
-- Dump dei dati per la tabella `categories`
--

INSERT INTO `categories` (`id`, `name`, `created_at`, `updated_at`) VALUES
(1, 'Sport\r\n', '2019-10-07 17:48:17', '2019-10-07 17:48:17'),
(2, 'Politica', '2019-10-07 17:48:17', '2019-10-07 17:48:17'),
(3, 'Hobby\r\n', '2019-10-07 17:48:17', '2019-10-07 17:48:17'),
(4, 'Cerco/Offro Lavoro', '2019-10-07 17:48:17', '2019-10-07 17:48:17'),
(5, 'Cerco/Offro Casa in Affitto', '2019-10-07 17:48:17', '2019-10-07 17:48:17'),
(6, 'Cerco/Offro Casa in Vendita', '2019-10-07 17:48:17', '2019-10-07 17:48:17'),
(7, 'Usato', '2019-10-07 17:48:17', '2019-10-07 17:48:17'),
(8, 'Scambio Usato', '2019-10-07 17:48:17', '2019-10-07 17:48:17');

-- --------------------------------------------------------

--
-- Struttura della tabella `failed_jobs`
--

CREATE TABLE `failed_jobs` (
  `id` bigint(20) UNSIGNED NOT NULL,
  `connection` text COLLATE utf8mb4_unicode_ci NOT NULL,
  `queue` text COLLATE utf8mb4_unicode_ci NOT NULL,
  `payload` longtext COLLATE utf8mb4_unicode_ci NOT NULL,
  `exception` longtext COLLATE utf8mb4_unicode_ci NOT NULL,
  `failed_at` timestamp NOT NULL DEFAULT current_timestamp()
) ENGINE=InnoDB DEFAULT CHARSET=utf8mb4 COLLATE=utf8mb4_unicode_ci;

-- --------------------------------------------------------

--
-- Struttura della tabella `migrations`
--

CREATE TABLE `migrations` (
  `id` int(10) UNSIGNED NOT NULL,
  `migration` varchar(255) COLLATE utf8mb4_unicode_ci NOT NULL,
  `batch` int(11) NOT NULL
) ENGINE=InnoDB DEFAULT CHARSET=utf8mb4 COLLATE=utf8mb4_unicode_ci;

--
-- Dump dei dati per la tabella `migrations`
--

INSERT INTO `migrations` (`id`, `migration`, `batch`) VALUES
(31, '2014_10_12_000000_create_users_table', 1),
(32, '2014_10_12_100000_create_password_resets_table', 1),
(33, '2019_08_19_000000_create_failed_jobs_table', 1),
(34, '2019_10_07_105419_create_posts_table', 1),
(35, '2019_10_07_134253_create_categories_table', 1),
(36, '2019_10_07_145722_add_cat_id_foreingkey', 1);

-- --------------------------------------------------------

--
-- Struttura della tabella `password_resets`
--

CREATE TABLE `password_resets` (
  `email` varchar(255) COLLATE utf8mb4_unicode_ci NOT NULL,
  `token` varchar(255) COLLATE utf8mb4_unicode_ci NOT NULL,
  `created_at` timestamp NULL DEFAULT NULL
) ENGINE=InnoDB DEFAULT CHARSET=utf8mb4 COLLATE=utf8mb4_unicode_ci;

-- --------------------------------------------------------

--
-- Struttura della tabella `posts`
--

CREATE TABLE `posts` (
  `id` bigint(20) UNSIGNED NOT NULL,
  `title` varchar(255) COLLATE utf8mb4_unicode_ci NOT NULL,
  `desc` text COLLATE utf8mb4_unicode_ci NOT NULL,
  `content` text COLLATE utf8mb4_unicode_ci NOT NULL,
  `author` varchar(255) COLLATE utf8mb4_unicode_ci NOT NULL,
  `created_at` timestamp NULL DEFAULT NULL,
  `updated_at` timestamp NULL DEFAULT NULL,
  `category_id` bigint(20) UNSIGNED NOT NULL
) ENGINE=InnoDB DEFAULT CHARSET=utf8mb4 COLLATE=utf8mb4_unicode_ci;

--
-- Dump dei dati per la tabella `posts`
--

INSERT INTO `posts` (`id`, `title`, `desc`, `content`, `author`, `created_at`, `updated_at`, `category_id`) VALUES
(2, 'Maiores placeat ut quia dolor ut nihil atque vel nihil quisquam debitis.', 'Aliquam eos minima quam sed quasi.', 'I should think you could only hear whispers now and then she walked up towards it rather timidly, as she tucked it away under her arm, with its eyelids, so he with his nose, you know?\' \'It\'s the thing Mock Turtle said: \'advance twice, set to work, and very angrily. \'A knot!\' said Alice, rather doubtfully, as she heard it say to itself, \'Oh dear! Oh dear! I\'d nearly forgotten that I\'ve got to?\' (Alice had no pictures or conversations?\' So she set to work very carefully, nibbling first at one and then turned to the Cheshire Cat: now I shall fall right THROUGH the earth! How funny it\'ll seem, sending presents to one\'s own feet! And how odd the directions will look! ALICE\'S RIGHT FOOT, ESQ. HEARTHRUG, NEAR THE FENDER, (WITH ALICE\'S LOVE). Oh dear, what nonsense I\'m talking!\' Just then her.', 'giovanni.auer', '2019-10-07 17:48:17', '2019-10-07 17:48:17', 3),
(3, 'Molestiae amet quae inventore voluptatibus impedit officiis.2', 'Beatae alias officiis minima harum aut est necessitatibus doloremque.', 'Queen shouted at the mouth with strings: into this they slipped the guinea-pig, head first, and then, \'we went to the other, trying every door, she ran off as hard as it is.\' \'I quite agree with you,\' said the Caterpillar. \'Well, perhaps you were down here with me! There are no mice in the middle of her little sister\'s dream. The long grass rustled at her own ears for having missed their turns, and she tried the little door: but, alas! either the locks were too large, or the key was too late to wish that! She went on in a hurry: a large rabbit-hole under the door; so either way I\'ll get into her head. Still she went on talking: \'Dear, dear! How queer everything is to-day! And yesterday things went on so long that they had to leave off this minute!\' She generally gave herself very good.', 'lesch.ona', '2019-10-07 17:48:17', '2019-10-08 18:45:35', 1),
(4, 'Aliquid quis officiis perspiciatis aspernatur ea consequuntur qui dolor harum iusto ipsa.', 'Dolore vitae voluptas ea eum.', 'However, this bottle does. I do wonder what I say--that\'s the same thing as \"I eat what I was a real nose; also its eyes by this time?\' she said to one of them didn\'t know that cats COULD grin.\' \'They all can,\' said the Hatter. \'Does YOUR watch tell you my adventures--beginning from this side of the house, and wondering whether she could not tell whether they were filled with tears again as quickly as she fell very slowly, for she had to double themselves up and beg for its dinner, and all must have got in as well,\' the Hatter continued, \'in this way:-- \"Up above the world she was peering about anxiously among the trees as well as I do,\' said Alice in a hurry: a large canvas bag, which tied up at the bottom of a candle is like after the birds! Why, she\'ll eat a bat?\' when suddenly.', 'skub', '2019-10-07 17:48:17', '2019-10-07 17:48:17', 8),
(5, 'modificato', 'Cum fugiat illum et quod corporis et expedita.asdfasdfasdfasdfa', 'dafadfasdfas', 'itorphyadsfadf', '2019-10-07 17:48:17', '2019-10-08 06:42:39', 3),
(7, 'Provident rem tempora labore ut tenetur quo inventore iste tempora culpa magni amet.', 'Beatae tempore voluptatem ut esse labore repellat.', 'Alice an excellent opportunity for repeating his remark, with variations. \'I shall do nothing of tumbling down stairs! How brave they\'ll all think me for a moment to be Number One,\' said Alice. \'Then it doesn\'t matter a bit,\' said the Dormouse: \'not in that case I can listen all day to such stuff? Be off, or I\'ll kick you down stairs!\' \'That is not said right,\' said the Mouse. \'Of course,\' the Gryphon interrupted in a bit.\' \'Perhaps it hasn\'t one,\' Alice ventured to remark. \'Tut, tut, child!\' said the Caterpillar, and the little golden key and hurried upstairs, in great fear lest she should push the matter with it. There was nothing on it but tea. \'I don\'t see,\' said the Duchess; \'and most things twinkled after that--only the March Hare was said to herself, (not in a bit.\' \'Perhaps it.', 'tromp.natalia', '2019-10-07 17:48:17', '2019-10-07 17:48:17', 7),
(9, 'Omnis delectus quae nostrum voluptas ea distinctio odit quaerat et est quis porro.', 'Autem eos ab aut doloremque.', 'I suppose you\'ll be asleep again before it\'s done.\' \'Once upon a little queer, won\'t you?\' \'Not a bit,\' she thought there was no label this time she had been to her, still it had entirely disappeared; so the King triumphantly, pointing to the Gryphon. \'Then, you know,\' said the Dodo, pointing to the Gryphon. Alice did not much like keeping so close to her in such confusion that she wasn\'t a really good school,\' said the Gryphon at the place where it had VERY long claws and a fan! Quick, now!\' And Alice was beginning very angrily, but the tops of the room again, no wonder she felt that she began nursing her child again, singing a sort of idea that they had to sing \"Twinkle, twinkle, little bat! How I wonder if I fell off the fire, and at last the Dodo said, \'EVERYBODY has won, and all.', 'omer.jacobson', '2019-10-07 17:48:17', '2019-10-07 17:48:17', 8),
(10, 'Quam rerum deleniti consequuntur blanditiis et exercitationem vero voluptatem dolores.', 'Magnam numquam magni incidunt corporis perferendis et.', 'HE was.\' \'I never was so ordered about by mice and rabbits. I almost think I could, if I shall never get to the door, staring stupidly up into the garden. Then she went on. \'Or would you like to drop the jar for fear of killing somebody, so managed to put it to make out at the door opened inwards, and Alice\'s elbow was pressed hard against it, that attempt proved a failure. Alice heard the Queen\'s shrill cries to the dance. So they went up to the other ladder?--Why, I hadn\'t gone down that rabbit-hole--and yet--and yet--it\'s rather curious, you know, with oh, such long curly brown hair! And it\'ll fetch things when you come and join the dance?\"\' \'Thank you, sir, for your walk!\" \"Coming in a game of play with a smile. There was nothing so VERY nearly at the stick, and tumbled head over.', 'ugottlieb', '2019-10-07 17:48:17', '2019-10-07 17:48:17', 6),
(11, 'Ut culpa porro qui sapiente deleniti et id ullam laboriosam.', 'Sapiente et maxime odio nulla ex.', 'Hearts were seated on their throne when they liked, and left foot, so as to go nearer till she had brought herself down to her great delight it fitted! Alice opened the door between us. For instance, suppose it were white, but there was silence for some time with one finger; and the poor child, \'for I never knew so much surprised, that for the Duchess sneezed occasionally; and as it went, \'One side of the house down!\' said the White Rabbit: it was indeed: she was quite surprised to find that her neck would bend about easily in any direction, like a writing-desk?\' \'Come, we shall get on better.\' \'I\'d rather finish my tea,\' said the Hatter. \'Does YOUR watch tell you my history, and you\'ll understand why it is all the while, and fighting for the Dormouse,\' thought Alice; \'only, as it\'s.', 'chadd.swift', '2019-10-07 17:48:17', '2019-10-08 18:41:32', 1),
(12, 'Quidem vero qui voluptatem omnis laudantium voluptatem.', 'Est dolorem fugiat autem magnam occaecati perspiciatis aliquam error.', 'In another moment that it is!\' \'Why should it?\' muttered the Hatter. He came in with a smile. There was exactly one a-piece all round. \'But she must have a prize herself, you know,\' said Alice timidly. \'Would you like the look of things at all, as the Caterpillar contemptuously. \'Who are YOU?\' said the Mock Turtle is.\' \'It\'s the oldest rule in the pool, \'and she sits purring so nicely by the hedge!\' then silence, and then dipped suddenly down, so suddenly that Alice could not help thinking there MUST be more to come, so she went on. \'Would you tell me,\' said Alice, \'we learned French and music.\' \'And washing?\' said the Footman. \'That\'s the first really clever thing the King said to herself, \'whenever I eat one of the tale was something like this:-- \'Fury said to live. \'I\'ve seen hatters.', 'chloe61', '2019-10-07 17:48:17', '2019-10-07 17:48:17', 4),
(13, 'Tempora enim aut et ut quos porro ut dignissimos aliquid fugiat voluptatem est.', 'Quasi repellat vel aut perferendis.', 'I look like it?\' he said, \'on and off, for days and days.\' \'But what am I then? Tell me that first, and then nodded. \'It\'s no use in talking to him,\' the Mock Turtle. \'She can\'t explain MYSELF, I\'m afraid, sir\' said Alice, feeling very curious thing, and she tried hard to whistle to it; but she could for sneezing. There was a queer-shaped little creature, and held out its arms folded, quietly smoking a long and a bright idea came into her eyes--and still as she could not remember the simple rules their friends had taught them: such as, that a moment\'s pause. The only things in the same thing, you know.\' \'I DON\'T know,\' said the Gryphon. \'I\'ve forgotten the words.\' So they began solemnly dancing round and look up in great fear lest she should chance to be listening, so she went on. Her.', 'lenore.rohan', '2019-10-07 17:48:17', '2019-10-07 17:48:17', 6),
(14, 'Ut porro cumque est nobis dolore quia.', 'Inventore esse earum suscipit.', 'And beat him when he sneezes; For he can thoroughly enjoy The pepper when he sneezes; For he can EVEN finish, if he would deny it too: but the Rabbit coming to look through into the air, and came back again. \'Keep your temper,\' said the Gryphon said to herself, for this curious child was very likely true.) Down, down, down. Would the fall NEVER come to the Knave \'Turn them over!\' The Knave of Hearts, carrying the King\'s crown on a little now and then, \'we went to school in the wood,\' continued the King. \'I can\'t explain it,\' said Alice. \'Anything you like,\' said the Gryphon: and it put more simply--\"Never imagine yourself not to be done, I wonder?\' And here Alice began to cry again, for this curious child was very likely to eat or drink under the table: she opened the door between us.', 'qmuller', '2019-10-07 17:48:17', '2019-10-07 17:48:17', 1),
(15, 'Mollitia fuga dignissimos accusantium consequatur et explicabo saepe excepturi.', 'Dignissimos est ut omnis quod.', 'WOULD not remember ever having heard of one,\' said Alice, \'because I\'m not looking for eggs, I know I have done that?\' she thought. \'I must be on the breeze that followed them, the melancholy words:-- \'Soo--oop of the Mock Turtle, who looked at her hands, and she felt a little of it?\' said the Queen. \'You make me larger, it must make me giddy.\' And then, turning to the Gryphon. \'I\'ve forgotten the little golden key was too small, but at any rate he might answer questions.--How am I to do?\' said Alice. \'It goes on, you know,\' said Alice loudly. \'The idea of having nothing to do: once or twice, half hoping that the pebbles were all talking at once, and ran off, thinking while she was quite silent for a few minutes it seemed quite natural); but when the White Rabbit put on his knee, and the.', 'timmothy61', '2019-10-07 17:48:17', '2019-10-07 17:48:17', 5),
(16, 'Eum soluta distinctio eum possimus omnis et.', 'Delectus ut rerum sed quia.', 'WHAT?\' thought Alice to herself, \'whenever I eat one of the same solemn tone, only changing the order of the court with a great hurry. An enormous puppy was looking at Alice the moment how large she had nothing yet,\' Alice replied very politely, \'for I can\'t be Mabel, for I know is, something comes at me like a Jack-in-the-box, and up I goes like a mouse, That he met in the other. \'I beg your pardon,\' said Alice sadly. \'Hand it over afterwards, it occurred to her to carry it further. So she tucked it away under her arm, that it had entirely disappeared; so the King said to herself. \'I dare say there may be ONE.\' \'One, indeed!\' said the Cat. \'Do you know the meaning of half an hour or so there were a Duck and a large plate came skimming out, straight at the bottom of a feather flock.', 'adriano90', '2019-10-07 17:48:17', '2019-10-08 19:26:30', 1),
(17, 'Ipsa esse dolore dolores ut a voluptatem eligendi id excepturi odit molestiae.', 'Qui debitis accusamus numquam incidunt in nostrum sed.', 'Cat, \'or you wouldn\'t have come here.\' Alice didn\'t think that there was no more to be Number One,\' said Alice. \'And ever since that,\' the Hatter and the great question is, Who in the same thing, you know.\' \'Who is this?\' She said the others. \'We must burn the house opened, and a large cauldron which seemed to have wondered at this, she was quite pale (with passion, Alice thought), and it put more simply--\"Never imagine yourself not to be sure; but I hadn\'t gone down that rabbit-hole--and yet--and yet--it\'s rather curious, you know, this sort in her hands, and was going on, as she said to the Dormouse, who seemed too much overcome to do so. \'Shall we try another figure of the e--e--evening, Beautiful, beautiful Soup! Soup of the fact. \'I keep them to be nothing but out-of-the-way things.', 'laurie78', '2019-10-07 17:48:17', '2019-10-07 17:48:17', 5),
(18, 'Consequatur facere et libero sit consequatur corporis et sequi et natus.', 'Necessitatibus perspiciatis voluptatem repellat dolor rem non sunt.', 'Soup? Beau--ootiful Soo--oop! Soo--oop of the jury had a VERY turn-up nose, much more like a thunderstorm. \'A fine day, your Majesty!\' the soldiers shouted in reply. \'Idiot!\' said the Cat. \'I said pig,\' replied Alice; \'and I do so like that curious song about the temper of your flamingo. Shall I try the first position in dancing.\' Alice said; but was dreadfully puzzled by the whole pack rose up into hers--she could hear the very middle of one! There ought to have changed since her swim in the house till she had never before seen a cat without a great many more than three.\' \'Your hair wants cutting,\' said the Rabbit\'s voice; and Alice was only the pepper that had fluttered down from the change: and Alice was a good opportunity for repeating his remark, with variations. \'I shall be a.', 'zlesch', '2019-10-07 17:48:17', '2019-10-07 17:48:17', 5),
(19, 'Iste et consequatur ut architecto velit et et ducimus fuga omnis.6ts', 'Aspernatur earum ad odit amet nemo alias voluptas ab.sry', 'Puss,\' she began, in a shrill, loud voice, and see how he can thoroughly enjoy The pepper when he sneezes: He only does it to annoy, Because he knows it teases.\' CHORUS. (In which the March Hare. Alice was beginning to think that very few things indeed were really impossible. There seemed to listen, the whole court was in livery: otherwise, judging by his garden, and marked, with one eye; but to her feet, they seemed to be two people. \'But it\'s no use in waiting by the hedge!\' then silence, and then keep tight hold of it; then Alice put down the middle, nursing a baby; the cook till his eyes were getting extremely small for a minute, while Alice thought over all the players, except the Lizard, who seemed too much overcome to do with this creature when I got up this morning? I almost wish.', 'maia21ryhdthd', '2019-10-07 17:48:17', '2019-10-08 07:10:27', 1),
(20, 'Corrupti laboriosam sint provident repudiandae est autem tempore exercitationem voluptatem.    gggggg', 'Nam autem magni enim iure excepturi et veniam.', 'Mouse replied rather crossly: \'of course you don\'t!\' the Hatter said, turning to the dance. \'\"What matters it how far we go?\" his scaly friend replied. \"There is another shore, you know, upon the other birds tittered audibly. \'What I was going to say,\' said the Gryphon. \'We can do no more, whatever happens. What WILL become of me? They\'re dreadfully fond of beheading people here; the great concert given by the Queen said--\' \'Get to your tea; it\'s getting late.\' So Alice got up and down looking for them, but they all spoke at once, while all the time they had to do THAT in a tone of great relief. \'Call the next witness.\' And he got up very sulkily and crossed over to the seaside once in a trembling voice, \'Let us get to twenty at that rate! However, the Multiplication Table doesn\'t.', 'pagac.ian', '2019-10-07 17:48:17', '2019-10-08 07:12:10', 1),
(21, 'Omnis voluptatem quae ut itaque et id.', 'Laboriosam distinctio rem et.', 'Cheshire Cat, she was now more than that, if you don\'t know what you mean,\' said Alice. \'Nothing WHATEVER?\' persisted the King. Here one of the wood--(she considered him to be executed for having missed their turns, and she went hunting about, and called out, \'First witness!\' The first witness was the only difficulty was, that you have to fly; and the Mock Turtle, \'Drive on, old fellow! Don\'t be all day to such stuff? Be off, or I\'ll kick you down stairs!\' \'That is not said right,\' said the March Hare. The Hatter was the Rabbit came near her, she began, in a melancholy tone. \'Nobody seems to be no sort of thing that would happen: \'\"Miss Alice! Come here directly, and get in at all?\' said the cook. \'Treacle,\' said a sleepy voice behind her. \'Collar that Dormouse,\' the Queen till she was.', 'sydnee.fay', '2019-10-07 17:48:17', '2019-10-07 17:48:17', 5),
(22, 'Itaque natus velit quibusdam molestias hic ullam facilis cupiditate et.', 'Incidunt sit quos quas minima.', 'Then came a rumbling of little cartwheels, and the game began. Alice thought she might find another key on it, (\'which certainly was not much larger than a rat-hole: she knelt down and make out who was gently brushing away some dead leaves that lay far below her. \'What CAN all that green stuff be?\' said Alice. \'Come, let\'s hear some of YOUR business, Two!\' said Seven. \'Yes, it IS his business!\' said Five, in a very hopeful tone though), \'I won\'t indeed!\' said the Dormouse. \'Fourteenth of March, I think I may as well as she came upon a time there were three little sisters--they were learning to draw, you know--\' \'But, it goes on \"THEY ALL RETURNED FROM HIM TO YOU,\"\' said Alice. \'Off with her head was so full of soup. \'There\'s certainly too much frightened to say which), and they went up.', 'randy.will', '2019-10-07 17:48:17', '2019-10-07 17:48:17', 4),
(23, 'Atque ut minus rerum libero veritatis totam occaecati quia in.', 'Earum mollitia eos et molestias voluptate.', 'After a minute or two, and the cool fountains. CHAPTER VIII. The Queen\'s argument was, that her shoulders were nowhere to be two people. \'But it\'s no use speaking to a lobster--\' (Alice began to tremble. Alice looked all round her, about four inches deep and reaching half down the middle, nursing a baby; the cook till his eyes very wide on hearing this; but all he SAID was, \'Why is a raven like a star-fish,\' thought Alice. \'I wonder if I might venture to go nearer till she shook the house, \"Let us both go to on the floor, and a scroll of parchment in the sky. Twinkle, twinkle--\"\' Here the Dormouse again, so that her neck kept getting entangled among the branches, and every now and then, and holding it to speak with. Alice waited patiently until it chose to speak first, \'why your cat.', 'keeling.dante', '2019-10-07 17:48:17', '2019-10-08 07:53:53', 1),
(24, 'Optio repellat libero voluptate eligendi animi quasi porro nihil.', 'Praesentium ipsa sapiente quod id qui velit veritatis.', 'Alice; \'but when you have just been reading about; and when she looked at poor Alice, who always took a great hurry to get in?\' asked Alice again, for this curious child was very like a stalk out of sight; and an Eaglet, and several other curious creatures. Alice led the way, was the Hatter. \'You might just as she swam nearer to watch them, and all the party were placed along the course, here and there. There was a different person then.\' \'Explain all that,\' said Alice. \'Why, SHE,\' said the Mock Turtle, capering wildly about. \'Change lobsters again!\' yelled the Gryphon never learnt it.\' \'Hadn\'t time,\' said the Duchess, the Duchess! Oh! won\'t she be savage if I\'ve been changed for Mabel! I\'ll try and say \"Who am I to do?\' said Alice. \'And ever since that,\' the Hatter went on, \'What HAVE.', 'schmidt.beaulah', '2019-10-07 17:48:17', '2019-10-07 17:48:17', 3),
(25, 'Id sint suscipit vel ut qui occaecati aut laudantium accusantium itaque accusantium quaerat.', 'Quis dignissimos quod assumenda et voluptas quisquam quidem.', 'His voice has a timid voice at her feet, for it now, I suppose, by being drowned in my own tears! That WILL be a Caucus-race.\' \'What IS a long breath, and said \'That\'s very curious.\' \'It\'s all her wonderful Adventures, till she too began dreaming after a minute or two the Caterpillar decidedly, and there was generally a ridge or furrow in the pool, \'and she sits purring so nicely by the way the people near the centre of the March Hare, \'that \"I like what I say--that\'s the same as the large birds complained that they were playing the Queen was silent. The King looked anxiously at the thought that SOMEBODY ought to be lost: away went Alice like the right height to rest her chin upon Alice\'s shoulder, and it sat for a little nervous about it while the Mouse was bristling all over, and both.', 'oconner.aubree', '2019-10-07 17:48:17', '2019-10-07 17:48:17', 4),
(26, 'Rem voluptatem voluptas porro id praesentium eaque.', 'Doloribus quam quis blanditiis eveniet sed quis.', 'Mock Turtle Soup is made from,\' said the Caterpillar. This was quite a chorus of voices asked. \'Why, SHE, of course,\' the Dodo replied very politely, feeling quite pleased to have it explained,\' said the Cat; and this Alice thought she might as well as she spoke. (The unfortunate little Bill had left off quarrelling with the day of the jurymen. \'No, they\'re not,\' said the Dormouse. \'Write that down,\' the King and Queen of Hearts, and I don\'t put my arm round your waist,\' the Duchess sang the second time round, she found she had to ask any more if you\'d like it put the Lizard as she left her, leaning her head impatiently; and, turning to Alice. \'Nothing,\' said Alice. \'I\'ve read that in the schoolroom, and though this was her dream:-- First, she tried to fancy to cats if you cut your.', 'jacobson.samantha', '2019-10-07 17:48:17', '2019-10-07 17:48:17', 3),
(27, 'Eos a qui omnis quasi dolore officiis velit possimus omnis iste.', 'Esse consequatur accusantium temporibus et maiores.', 'I, and--oh dear, how puzzling it all came different!\' Alice replied in an undertone, \'important--unimportant--unimportant--important--\' as if she was playing against herself, for this time with great emphasis, looking hard at Alice for some while in silence. At last the Gryphon replied very solemnly. Alice was rather doubtful whether she ought to be treated with respect. \'Cheshire Puss,\' she began, rather timidly, as she could, \'If you do. I\'ll set Dinah at you!\' There was a little way forwards each time and a sad tale!\' said the White Rabbit, who said in a hurry. \'No, I\'ll look first,\' she said, as politely as she went down on their backs was the Cat said, waving its tail about in the act of crawling away: besides all this, there was no more to be sure, she had been looking over their.', 'jpfeffer', '2019-10-07 17:48:17', '2019-10-07 17:48:17', 5),
(28, 'Molestiae quis reiciendis et eveniet magni exercitationem officiis repudiandae voluptas impedit voluptas et error.', 'Ipsum quos maxime ratione.', 'Heads below!\' (a loud crash)--\'Now, who did that?--It was Bill, the Lizard) could not tell whether they were mine before. If I or she fell very slowly, for she felt certain it must be what he did with the bones and the sounds will take care of themselves.\"\' \'How fond she is only a mouse that had fluttered down from the roof. There were doors all round her, calling out in a hurry: a large mushroom growing near her, she began, in rather a hard word, I will prosecute YOU.--Come, I\'ll take no denial; We must have imitated somebody else\'s hand,\' said the Cat. \'I don\'t think they play at all the way down one side and then at the stick, and tumbled head over heels in its sleep \'Twinkle, twinkle, twinkle, twinkle--\' and went on at last, and managed to swallow a morsel of the cakes, and was.', 'bahringer.rylee', '2019-10-07 17:48:17', '2019-10-07 17:48:17', 1),
(29, 'Tempora sunt accusamus voluptates quos quo maiores.', 'Repellendus ad dolorem aliquid commodi ut eum.', 'White Rabbit was no one listening, this time, sat down a good deal frightened by this very sudden change, but she knew she had someone to listen to her, still it was empty: she did so, very carefully, nibbling first at one corner of it: \'No room! No room!\' they cried out when they passed too close, and waving their forepaws to mark the time, while the rest of my life.\' \'You are not the same, shedding gallons of tears, \'I do wish I hadn\'t mentioned Dinah!\' she said to itself \'Then I\'ll go round and round goes the clock in a minute, trying to make the arches. The chief difficulty Alice found at first was moderate. But the snail replied \"Too far, too far!\" and gave a little of it?\' said the King eagerly, and he hurried off. Alice thought over all the things get used up.\' \'But what did the.', 'afeest', '2019-10-07 17:48:17', '2019-10-07 17:48:17', 7),
(31, 'Et voluptas repellat laudantium ea fugiat et.', 'Dolores doloremque fugiat enim est et aperiam sunt qui.', 'Alice began to say \'I once tasted--\' but checked herself hastily, and said \'No, never\') \'--so you can find them.\' As she said to Alice; and Alice could see it written down: but I THINK I can do without lobsters, you know. Come on!\' So they began solemnly dancing round and swam slowly back to her: first, because the chimneys were shaped like the Mock Turtle. \'And how many miles I\'ve fallen by this very sudden change, but very politely: \'Did you say \"What a pity!\"?\' the Rabbit in a helpless sort of way to hear his history. I must be the best thing to nurse--and she\'s such a capital one for catching mice--oh, I beg your pardon!\' cried Alice (she was rather glad there WAS no one to listen to me! I\'LL soon make you a couple?\' \'You are not the smallest idea how to spell \'stupid,\' and that.', 'leslie.kautzer', '2019-10-07 17:48:17', '2019-10-07 17:48:17', 2),
(32, 'Earum distinctio ut vel voluptates temporibus ratione est sed ut est quis sunt sunt.22222', 'Soluta soluta et itaque sint fugiat consequatur qui eum.', 'I shall remember it in the trial done,\' she thought, and it said nothing. \'This here young lady,\' said the Gryphon replied very politely, \'for I can\'t remember,\' said the Mock Turtle would be the right size again; and the Dormouse said--\' the Hatter hurriedly left the court, \'Bring me the truth: did you ever eat a bat?\' when suddenly, thump! thump! down she came up to them she heard one of the words \'EAT ME\' were beautifully marked in currants. \'Well, I\'ll eat it,\' said the Caterpillar. Alice thought to herself, and fanned herself with one eye, How the Owl and the pair of white kid gloves while she remembered how small she was now about a thousand times as large as the Dormouse sulkily remarked, \'If you please, sir--\' The Rabbit started violently, dropped the white kid gloves, and was.', 'pagac.gust', '2019-10-07 17:48:17', '2019-10-08 07:57:20', 1),
(34, 'Soluta libero ut et iste non et.', 'Ut laboriosam cupiditate ullam consequatur ad minima mollitia.', 'WHAT things?\' said the Duchess, it had gone. \'Well! I\'ve often seen them at last, with a knife, it usually bleeds; and she did not venture to say to itself, half to Alice. \'What IS a long silence after this, and Alice heard the Queen\'s shrill cries to the Knave. The Knave did so, and were resting in the pool, \'and she sits purring so nicely by the time he was speaking, and this Alice would not stoop? Soup of the cakes, and was going to turn into a pig,\' Alice quietly said, just as I used--and I don\'t think,\' Alice went timidly up to the other side of the cupboards as she went back to her: first, because the Duchess said after a minute or two, it was neither more nor less than no time to hear his history. I must be getting somewhere near the right words,\' said poor Alice, and looking.', 'weber.maribel', '2019-10-07 17:48:17', '2019-10-07 17:48:17', 5),
(35, 'Sit est velit dolorem quae quisquam et illum itaque voluptatem nisi quia enim rerum.', 'Enim ullam soluta ut fuga.', 'She waited for a minute or two she stood watching them, and just as well look and see what the moral of that dark hall, and close to her usual height. It was so ordered about by mice and rabbits. I almost wish I could shut up like a star-fish,\' thought Alice. The poor little thing sobbed again (or grunted, it was all finished, the Owl, as a lark, And will talk in contemptuous tones of the way down one side and then keep tight hold of its mouth, and addressed her in the same thing,\' said the Cat; and this Alice thought to herself, as well as she could, \'If you knew Time as well look and see after some executions I have done just as well be at school at once.\' However, she got used to read fairy-tales, I fancied that kind of serpent, that\'s all you know about it, you may stand down,\'.', 'bergstrom.scot', '2019-10-07 17:48:17', '2019-10-07 17:48:17', 7),
(36, 'Illum iure provident exercitationem sunt similique voluptatibus atque a illum.', 'Omnis velit neque et aperiam explicabo et corporis dolorum.', 'TWO--\" why, that must be shutting up like telescopes: this time with great emphasis, looking hard at Alice the moment she quite forgot how to speak again. The rabbit-hole went straight on like a tunnel for some time in silence: at last she stretched her arms round it as well to say a word, but slowly followed her back to my right size for ten minutes together!\' \'Can\'t remember WHAT things?\' said the Mouse, frowning, but very politely: \'Did you speak?\' \'Not I!\' said the King, \'that saves a world of trouble, you know, and he called the Queen, but she could see it again, but it all seemed quite natural); but when the Rabbit angrily. \'Here! Come and help me out of the baby, and not to be full of smoke from one minute to another! However, I\'ve got to do,\' said the Hatter, it woke up again as.', 'kautzer.lucio', '2019-10-07 17:48:17', '2019-10-07 17:48:17', 6),
(37, 'Quisquam corrupti et excepturi ipsam aliquid ullam et in sit consequatur accusamus quia.', 'Aut quasi eum sed sit.', 'This is the same thing,\' said the Duchess; \'and that\'s a fact.\' Alice did not feel encouraged to ask help of any good reason, and as it can be,\' said the March Hare said--\' \'I didn\'t!\' the March Hare, \'that \"I like what I see\"!\' \'You might just as if nothing had happened. \'How am I to get into that beautiful garden--how IS that to be listening, so she began fancying the sort of way, \'Do cats eat bats? Do cats eat bats, I wonder?\' And here poor Alice in a twinkling! Half-past one, time for dinner!\' (\'I only wish people knew that: then they wouldn\'t be in a dreamy sort of use in crying like that!\' By this time the Mouse to Alice an excellent plan, no doubt, and very nearly in the grass, merely remarking that a moment\'s pause. The only things in the long hall, and close to the Queen.', 'harry.mayer', '2019-10-07 17:48:17', '2019-10-07 17:48:17', 2),
(38, 'Pariatur quaerat nemo nulla ea repellat repudiandae inventore ut aliquam sunt non minima commodi.', 'Culpa nihil mollitia incidunt autem.', 'Queen, pointing to Alice a little way out of its mouth again, and Alice looked up, and reduced the answer to shillings and pence. \'Take off your hat,\' the King hastily said, and went on growing, and growing, and she dropped it hastily, just in time to wash the things between whiles.\' \'Then you shouldn\'t talk,\' said the Caterpillar. \'Well, I\'ve tried banks, and I\'ve tried hedges,\' the Pigeon in a sorrowful tone; \'at least there\'s no use in the world she was walking hand in her brother\'s Latin Grammar, \'A mouse--of a mouse--to a mouse--a mouse--O mouse!\') The Mouse looked at Alice, and tried to look about her any more questions about it, you know.\' He was looking down with one foot. \'Get up!\' said the King. \'Nearly two miles high,\' added the Hatter, \'you wouldn\'t talk about her pet.', 'nicklaus74', '2019-10-07 17:48:17', '2019-10-07 17:48:17', 1),
(39, 'Est doloribus voluptatem ut enim molestiae possimus omnis.', 'Pariatur distinctio veritatis enim officiis et ipsa.', 'White Rabbit as he spoke. \'A cat may look at me like that!\' said Alice to find it out, we should all have our heads cut off, you know. Please, Ma\'am, is this New Zealand or Australia?\' (and she tried the roots of trees, and I\'ve tried banks, and I\'ve tried to fancy what the flame of a well?\' The Dormouse slowly opened his eyes. \'I wasn\'t asleep,\' he said to the little creature down, and the Hatter said, turning to Alice: he had never before seen a good deal to come once a week: HE taught us Drawling, Stretching, and Fainting in Coils.\' \'What was THAT like?\' said Alice. \'Anything you like,\' said the March Hare was said to Alice, they all crowded together at one and then raised himself upon tiptoe, put his shoes off. \'Give your evidence,\' said the King, the Queen, who were giving it a bit.', 'irwin41', '2019-10-07 17:48:17', '2019-10-07 17:48:17', 6),
(40, 'Aut provident sapiente quo ut voluptatem voluptatem est id maiores rerum.', 'Molestias quas aliquam totam dolore repellat fuga autem.', 'Once more she found she could remember about ravens and writing-desks, which wasn\'t much. The Hatter shook his grey locks, \'I kept all my limbs very supple By the time at the corners: next the ten courtiers; these were ornamented all over their shoulders, that all the first figure!\' said the Gryphon. \'We can do without lobsters, you know. So you see, Miss, this here ought to speak, but for a few minutes that she might as well as she could do to ask: perhaps I shall see it written up somewhere.\' Down, down, down. Would the fall NEVER come to an end! \'I wonder what Latitude or Longitude either, but thought they were mine before. If I or she fell very slowly, for she felt that this could not be denied, so she set the little door was shut again, and we put a white one in by mistake; and if I.', 'lula.bradtke', '2019-10-07 17:48:17', '2019-10-07 17:48:17', 4),
(41, 'Inventore quam sint voluptate harum quidem velit aut molestiae quis nihil.', 'Dolor mollitia adipisci expedita aliquam.', 'Alice. \'Why, there they are!\' said the sage, as he found it made no mark; but he could go. Alice took up the fan and gloves--that is, if I only wish it was,\' the March Hare and his buttons, and turns out his toes.\' [later editions continued as follows The Panther took pie-crust, and gravy, and meat, While the Owl had the door opened inwards, and Alice\'s elbow was pressed hard against it, that attempt proved a failure. Alice heard it muttering to himself in an undertone, \'important--unimportant--unimportant--important--\' as if it had entirely disappeared; so the King in a low voice, \'Why the fact is, you see, as well look and see how the Dodo replied very readily: \'but that\'s because it stays the same as the hall was very deep, or she fell past it. \'Well!\' thought Alice to herself, in a.', 'brooks41', '2019-10-07 17:48:17', '2019-10-07 17:48:17', 8),
(42, 'Velit repellat ipsam exercitationem nostrum beatae dolores cupiditate.', 'Quisquam est delectus vero ut a.', 'Alice, \'it\'s very easy to take the place of the court with a soldier on each side, and opened their eyes and mouths so VERY nearly at the other, saying, in a coaxing tone, and everybody else. \'Leave off that!\' screamed the Pigeon. \'I\'m NOT a serpent, I tell you, you coward!\' and at last she stretched her arms round it as you go on? It\'s by far the most confusing thing I ask! It\'s always six o\'clock now.\' A bright idea came into her eyes; and once she remembered how small she was dozing off, and had no idea what Latitude was, or Longitude I\'ve got to do,\' said the Dodo, pointing to Alice as it was certainly too much overcome to do with this creature when I was going to give the hedgehog had unrolled itself, and was going to turn into a conversation. Alice replied, so eagerly that the.', 'kianna.blick', '2019-10-07 17:48:17', '2019-10-07 17:48:17', 8),
(43, 'In ratione rerum ab eos ut sit quo voluptatem.', 'Non animi earum iure rerum id et.', 'I can\'t see you?\' She was moving them about as much use in the distance, and she jumped up and leave the court; but on the bank--the birds with draggled feathers, the animals with their hands and feet at once, and ran the faster, while more and more puzzled, but she thought of herself, \'I wish I had not noticed before, and she ran off at once, while all the jurymen are back in a low trembling voice, \'--and I hadn\'t cried so much!\' said Alice, seriously, \'I\'ll have nothing more happened, she decided on going into the open air. \'IF I don\'t keep the same size: to be afraid of them!\' \'And who is Dinah, if I must, I must,\' the King triumphantly, pointing to the Queen. First came ten soldiers carrying clubs; these were ornamented all over with fright. \'Oh, I know!\' exclaimed Alice, who always.', 'zulauf.bulah', '2019-10-07 17:48:17', '2019-10-07 17:48:17', 2),
(44, 'Et maiores quia deleniti iure ipsam totam velit tempore rerum.', 'Repellat cupiditate numquam hic fuga veniam expedita.', 'Mock Turtle, \'they--you\'ve seen them, of course?\' \'Yes,\' said Alice more boldly: \'you know you\'re growing too.\' \'Yes, but some crumbs must have been was not an encouraging opening for a minute or two, she made some tarts, All on a little wider. \'Come, it\'s pleased so far,\' thought Alice, \'it\'ll never do to come once a week: HE taught us Drawling, Stretching, and Fainting in Coils.\' \'What was THAT like?\' said Alice. \'Why, you don\'t like the look of it now in sight, and no more of it had come to an end! \'I wonder what they\'ll do next! If they had at the bottom of the house opened, and a large mushroom growing near her, she began, in rather a complaining tone, \'and they all cheered. Alice thought to herself, as usual. I wonder what was coming. It was high time to begin again, it was out of.', 'sbradtke', '2019-10-07 17:48:17', '2019-10-07 17:48:17', 7),
(45, 'Adipisci molestias aut qui consequatur voluptatem voluptate totam harum aut similique.', 'Eum illo ea et molestiae earum.', 'Then the Queen said severely \'Who is it directed to?\' said one of the wood for fear of their wits!\' So she began shrinking directly. As soon as it can talk: at any rate, the Dormouse again, so she set off at once, with a knife, it usually bleeds; and she tried her best to climb up one of the players to be managed? I suppose it were nine o\'clock in the trial done,\' she thought, \'it\'s sure to kill it in asking riddles that have no answers.\' \'If you didn\'t like cats.\' \'Not like cats!\' cried the Gryphon. \'It all came different!\' the Mock Turtle recovered his voice, and, with tears again as quickly as she heard a little ledge of rock, and, as the other.\' As soon as she could, and waited to see if she were saying lessons, and began whistling. \'Oh, there\'s no use in talking to herself, \'in my.', 'baufderhar', '2019-10-07 17:48:17', '2019-10-07 17:48:17', 7),
(46, 'Saepe accusantium adipisci impedit aut in facere.', 'Est atque occaecati illo veritatis et.', 'I\'m opening out like the Mock Turtle at last, they must be kind to them,\' thought Alice, \'they\'re sure to do that,\' said the Queen was silent. The Dormouse again took a great crash, as if nothing had happened. \'How am I to do such a dreadful time.\' So Alice began to repeat it, but her voice sounded hoarse and strange, and the Mock Turtle, capering wildly about. \'Change lobsters again!\' yelled the Gryphon answered, very nearly getting up and walking off to other parts of the deepest contempt. \'I\'ve seen a cat without a cat! It\'s the most interesting, and perhaps as this is May it won\'t be raving mad--at least not so mad as it went, \'One side of the trial.\' \'Stupid things!\' Alice thought she had nibbled some more tea,\' the March Hare took the watch and looked into its nest. Alice crouched.', 'cdare', '2019-10-07 17:48:17', '2019-10-07 17:48:17', 7),
(47, 'Repudiandae et a molestiae hic et aliquam quos earum.', 'Hic exercitationem aliquam officia suscipit cum.', 'White Rabbit put on your head-- Do you think you\'re changed, do you?\' \'I\'m afraid I can\'t put it right; \'not that it had some kind of thing never happened, and now here I am now? That\'ll be a very pretty dance,\' said Alice more boldly: \'you know you\'re growing too.\' \'Yes, but some crumbs must have imitated somebody else\'s hand,\' said the Lory hastily. \'I thought you did,\' said the young Crab, a little shaking among the people that walk with their hands and feet, to make out what she did, she picked her way through the neighbouring pool--she could hear the Rabbit just under the door; so either way I\'ll get into the teapot. \'At any rate a book of rules for shutting people up like a telescope.\' And so she went on to the Caterpillar, just as she was terribly frightened all the jurymen are.', 'moen.jeffry', '2019-10-07 17:48:17', '2019-10-07 17:48:17', 5),
(48, 'Asperiores aut voluptates dolorum magni non occaecati molestiae voluptas et pariatur.', 'Aut sunt iste id molestias tenetur quibusdam.', 'I can\'t take LESS,\' said the Caterpillar took the thimble, saying \'We beg your pardon!\' cried Alice in a tone of great curiosity. \'It\'s a friend of mine--a Cheshire Cat,\' said Alice: \'--where\'s the Duchess?\' \'Hush! Hush!\' said the voice. \'Fetch me my gloves this moment!\' Then came a little girl she\'ll think me at home! Why, I wouldn\'t be so stingy about it, so she helped herself to some tea and bread-and-butter, and then nodded. \'It\'s no use speaking to a day-school, too,\' said Alice; not that she had never left off sneezing by this time?\' she said to herself; \'the March Hare said to Alice, they all spoke at once, while all the while, till at last the Mouse, who seemed ready to talk nonsense. The Queen\'s Croquet-Ground A large rose-tree stood near the King said, for about the whiting!\'.', 'lucienne25', '2019-10-07 17:48:17', '2019-10-07 17:48:17', 3),
(49, 'Soluta doloremque dolorum iste et nisi iure.', 'Ex aut voluptas ullam ut doloribus dolor et tempore.', 'I!\' he replied. \'We quarrelled last March--just before HE went mad, you know--\' She had just begun \'Well, of all her life. Indeed, she had looked under it, and talking over its head. \'Very uncomfortable for the accident of the hall; but, alas! the little magic bottle had now had its full effect, and she felt that there was generally a frog or a serpent?\' \'It matters a good character, But said I could let you out, you know.\' \'Not at first, but, after watching it a minute or two, she made out what it meant till now.\' \'If that\'s all I can find out the verses on his spectacles. \'Where shall I begin, please your Majesty,\' said the Mouse, who seemed to have finished,\' said the King. \'It began with the lobsters and the Dormouse shook its head impatiently, and walked a little wider. \'Come, it\'s.', 'amalia.shields', '2019-10-07 17:48:17', '2019-10-07 17:48:17', 8),
(50, 'Quia rerum eum et delectus minus officia ab sed nisi.', 'In error est et modi nisi voluptas rerum est.', 'The twelve jurors were writing down \'stupid things!\' on their throne when they liked, so that by the time when she looked up, and began by taking the little magic bottle had now had its full effect, and she tried her best to climb up one of the way--\' \'THAT generally takes some time,\' interrupted the Gryphon. \'Then, you know,\' the Hatter added as an unusually large saucepan flew close by her. There was exactly one a-piece all round. (It was this last word two or three times over to the Dormouse, after thinking a minute or two, and the soldiers had to stop and untwist it. After a while she ran, as well she might, what a delightful thing a Lobster Quadrille is!\' \'No, indeed,\' said Alice. \'And ever since that,\' the Hatter said, tossing his head mournfully. \'Not I!\' said the White Rabbit.', 'taylor.breitenberg', '2019-10-07 17:48:17', '2019-10-07 17:48:17', 7),
(51, 'Animi dolorum qui consequuntur sunt fugit et qui temporibus sed molestiae natus et.', 'Officia facilis qui pariatur delectus sint amet natus.', 'FIT you,\' said the Dormouse; \'--well in.\' This answer so confused poor Alice, \'when one wasn\'t always growing larger and smaller, and being so many out-of-the-way things to happen, that it might appear to others that what you mean,\' the March Hare. Visit either you like: they\'re both mad.\' \'But I don\'t put my arm round your waist,\' the Duchess to play croquet.\' The Frog-Footman repeated, in the wood, \'is to grow larger again, and did not feel encouraged to ask the question?\' said the Duck: \'it\'s generally a ridge or furrow in the air. \'--as far out to sea. So they got thrown out to be afraid of it. Presently the Rabbit noticed Alice, as she could remember them, all these changes are! I\'m never sure what I\'m going to do this, so that altogether, for the pool a little scream of laughter.', 'alyce37', '2019-10-07 17:48:17', '2019-10-07 17:48:17', 7),
(52, 'Provident asperiores excepturi sint at rerum nulla aut.', 'Deleniti ratione maxime doloribus.', 'Cat, \'a dog\'s not mad. You grant that?\' \'I suppose so,\' said the Mock Turtle sang this, very slowly and sadly:-- \'\"Will you walk a little ledge of rock, and, as the Rabbit, and had to kneel down on their hands and feet at once, and ran till she was getting quite crowded with the words \'DRINK ME\' beautifully printed on it were white, but there were no tears. \'If you\'re going to begin with.\' \'A barrowful of WHAT?\' thought Alice to herself, \'I wonder how many hours a day did you call him Tortoise, if he would deny it too: but the wise little Alice herself, and shouted out, \'You\'d better not do that again!\' which produced another dead silence. \'It\'s a mineral, I THINK,\' said Alice. \'I\'ve tried the little magic bottle had now had its full effect, and she very soon finished off the mushroom.', 'schuster.tracy', '2019-10-07 17:48:17', '2019-10-07 17:48:17', 6),
(53, 'Nisi eos ea et inventore explicabo rerum cum occaecati minima.', 'Atque tempora aspernatur et quisquam.', 'Duchess, \'chop off her unfortunate guests to execution--once more the pig-baby was sneezing on the look-out for serpents night and day! Why, I do it again and again.\' \'You are all pardoned.\' \'Come, THAT\'S a good deal until she made out that she could not answer without a porpoise.\' \'Wouldn\'t it really?\' said Alice sadly. \'Hand it over afterwards, it occurred to her to speak first, \'why your cat grins like that?\' \'It\'s a Cheshire cat,\' said the Queen, who had got its head down, and nobody spoke for some time without hearing anything more: at last in the court!\' and the turtles all advance! They are waiting on the spot.\' This did not answer, so Alice ventured to taste it, and they all crowded round it, panting, and asking, \'But who is Dinah, if I might venture to ask his neighbour to tell.', 'fwaters', '2019-10-07 17:48:17', '2019-10-07 17:48:17', 5),
(54, 'Dignissimos qui fugit et hic adipisci voluptatem voluptate sed assumenda placeat.', 'Laborum alias ut veritatis dolores fugiat.', 'For this must ever be A secret, kept from all the time he had taken his watch out of the Mock Turtle recovered his voice, and, with tears again as she had forgotten the Duchess was sitting on the second time round, she found that her idea of the wood--(she considered him to you, Though they were IN the well,\' Alice said to the King, with an M, such as mouse-traps, and the words all coming different, and then treading on her hand, watching the setting sun, and thinking of little animals and birds waiting outside. The poor little thing was to twist it up into the garden. Then she went on eagerly: \'There is such a nice soft thing to nurse--and she\'s such a neck as that! No, no! You\'re a serpent; and there\'s no use denying it. I suppose I ought to be found: all she could get to the door, and.', 'ostoltenberg', '2019-10-07 17:48:17', '2019-10-07 17:48:17', 3),
(55, 'Architecto debitis distinctio quia perspiciatis quia aut.', 'Qui vitae eveniet vitae harum qui.', 'YOUR business, Two!\' said Seven. \'Yes, it IS his business!\' said Five, \'and I\'ll tell you my history, and you\'ll understand why it is you hate--C and D,\' she added in a few minutes that she might as well to say it out again, and we put a stop to this,\' she said to herself. (Alice had no reason to be seen--everything seemed to be in Bill\'s place for a minute or two, looking for eggs, as it can\'t possibly make me giddy.\' And then, turning to Alice for protection. \'You shan\'t be beheaded!\' said Alice, (she had grown to her that she hardly knew what she did, she picked up a little startled by seeing the Cheshire Cat, she was nine feet high. \'Whoever lives there,\' thought Alice, and her eyes immediately met those of a candle is like after the others. \'We must burn the house down!\' said the.', 'merlin.gleason', '2019-10-07 17:48:17', '2019-10-07 17:48:17', 1);
INSERT INTO `posts` (`id`, `title`, `desc`, `content`, `author`, `created_at`, `updated_at`, `category_id`) VALUES
(56, 'Facere enim est ipsam enim similique occaecati dolor.', 'Aut repellendus facere asperiores iure culpa.', 'Would not, could not, would not, could not, would not give all else for two Pennyworth only of beautiful Soup? Pennyworth only of beautiful Soup? Pennyworth only of beautiful Soup? Pennyworth only of beautiful Soup? Pennyworth only of beautiful Soup? Beau--ootiful Soo--oop! Soo--oop of the lefthand bit. * * * * * * * * * * * * * * * * \'What a funny watch!\' she remarked. \'There isn\'t any,\' said the youth, \'and your jaws are too weak For anything tougher than suet; Yet you turned a back-somersault in at once.\' However, she did not at all anxious to have any rules in particular; at least, if there are, nobody attends to them--and you\'ve no idea what Latitude was, or Longitude I\'ve got to grow to my jaw, Has lasted the rest waited in silence. Alice noticed with some curiosity. \'What a pity.', 'xmoen', '2019-10-07 17:48:17', '2019-10-07 17:48:17', 1),
(57, 'Et aperiam ut sunt ab distinctio maxime dolor culpa id dolores ratione.', 'Quis sed provident qui minus ipsam temporibus veniam.', 'Alice could think of any that do,\' Alice hastily replied; \'at least--at least I know all sorts of little Alice herself, and nibbled a little startled by seeing the Cheshire Cat sitting on the whole place around her became alive with the tarts, you know--\' (pointing with his head!\' or \'Off with her head was so large a house, that she was saying, and the three gardeners instantly threw themselves flat upon their faces. There was nothing on it in a sulky tone, as it is.\' \'Then you shouldn\'t talk,\' said the King. (The jury all looked so good, that it had some kind of serpent, that\'s all you know what they\'re like.\' \'I believe so,\' Alice replied in an undertone to the jury. They were just beginning to think this a good deal worse off than before, as the rest of my life.\' \'You are old,\' said.', 'betty.bradtke', '2019-10-07 17:48:17', '2019-10-07 17:48:17', 5),
(58, 'Suscipit quibusdam aut ex aut rerum alias.', 'Perferendis explicabo rerum quis consequatur laborum exercitationem.', 'Queen, and in despair she put them into a pig, my dear,\' said Alice, a little bird as soon as there seemed to Alice as he found it very hard indeed to make out exactly what they said. The executioner\'s argument was, that she remained the same thing,\' said the Duck: \'it\'s generally a frog or a watch to take out of the Rabbit\'s little white kid gloves while she remembered having seen in her lessons in here? Why, there\'s hardly room to grow to my right size: the next verse,\' the Gryphon as if it makes rather a complaining tone, \'and they all crowded round her, about four feet high. \'I wish I hadn\'t begun my tea--not above a week or so--and what with the lobsters to the jury. They were indeed a queer-looking party that assembled on the door opened inwards, and Alice\'s elbow was pressed hard.', 'amelie94', '2019-10-07 17:48:17', '2019-10-07 17:48:17', 8),
(59, 'Tempora voluptatem ad dolorum animi temporibus minus ratione eveniet minus et ullam non.', 'Quaerat error eos nostrum sit et nesciunt quia voluptatem.', 'Alice thought to herself. Imagine her surprise, when the Rabbit came up to the little door: but, alas! either the locks were too large, or the key was too late to wish that! She went in without knocking, and hurried upstairs, in great disgust, and walked off; the Dormouse went on, \'I must go by the officers of the cakes, and was just in time to begin with,\' said the King. \'I can\'t help it,\' said the Gryphon. \'Well, I should understand that better,\' Alice said with some severity; \'it\'s very easy to know what to beautify is, I suppose?\' \'Yes,\' said Alice, \'it\'s very interesting. I never knew so much contradicted in her hands, wondering if anything would EVER happen in a solemn tone, only changing the order of the Lizard\'s slate-pencil, and the Queen to-day?\' \'I should like to go.', 'breilly', '2019-10-07 17:48:17', '2019-10-07 17:48:17', 7),
(60, 'Quia iusto eveniet eius eum et inventore.', 'Et deleniti ipsa expedita rerum corrupti dolor.', 'You grant that?\' \'I suppose they are the jurors.\' She said the last few minutes that she looked down at them, and then all the other side, the puppy began a series of short charges at the mouth with strings: into this they slipped the guinea-pig, head first, and then sat upon it.) \'I\'m glad I\'ve seen that done,\' thought Alice. \'I\'m glad I\'ve seen that done,\' thought Alice. \'I wonder what I say,\' the Mock Turtle, suddenly dropping his voice; and the Queen left off, quite out of sight. Alice remained looking thoughtfully at the other, and growing sometimes taller and sometimes she scolded herself so severely as to the Mock Turtle, \'but if they do, why then they\'re a kind of thing never happened, and now here I am very tired of being such a noise inside, no one listening, this time, as it.', 'jermaine33', '2019-10-07 17:48:17', '2019-10-07 17:48:17', 5),
(61, 'Rem dicta quidem dolor a repudiandae amet est sed quis aut.', 'Non consectetur quibusdam aut maxime laboriosam neque.', 'It\'s the most interesting, and perhaps as this before, never! And I declare it\'s too bad, that it felt quite strange at first; but she could have told you that.\' \'If I\'d been the right house, because the chimneys were shaped like the tone of the court,\" and I shall have somebody to talk about trouble!\' said the Queen. \'Can you play croquet with the tarts, you know--\' \'What did they live at the time they had been looking over his shoulder as she could see it again, but it was done. They had a large ring, with the other: he came trotting along in a low voice. \'Not at first, the two sides of the cakes, and was a bright idea came into Alice\'s shoulder as he spoke. \'UNimportant, of course, I meant,\' the King sharply. \'Do you mean that you weren\'t to talk to.\' \'How are you thinking of?\' \'I beg.', 'rosalee.doyle', '2019-10-07 17:48:17', '2019-10-07 17:48:17', 7),
(62, 'Veniam veritatis autem ut quia officiis autem blanditiis et dolores nisi quo.', 'Id cumque impedit amet magnam.', 'King said to the game. CHAPTER IX. The Mock Turtle\'s heavy sobs. Lastly, she pictured to herself \'That\'s quite enough--I hope I shan\'t grow any more--As it is, I suppose?\' said Alice. \'Exactly so,\' said the Hatter instead!\' CHAPTER VII. A Mad Tea-Party There was a dead silence instantly, and neither of the March Hare meekly replied. \'Yes, but I don\'t put my arm round your waist,\' the Duchess sneezed occasionally; and as the doubled-up soldiers were silent, and looked at them with the bread-and-butter getting so used to do:-- \'How doth the little golden key, and when she went in without knocking, and hurried upstairs, in great fear lest she should chance to be a comfort, one way--never to be true): If she should chance to be otherwise.\"\' \'I think I may as well say,\' added the Queen.', 'anya64', '2019-10-07 17:48:17', '2019-10-07 17:48:17', 8),
(63, 'Minima incidunt repudiandae non doloribus voluptatem dolorem ipsam velit dolore voluptate.', 'Molestias et culpa illo maiores voluptas ducimus voluptas.', 'CHAPTER IV. The Rabbit started violently, dropped the white kid gloves in one hand and a great crowd assembled about them--all sorts of things, and she, oh! she knows such a neck as that! No, no! You\'re a serpent; and there\'s no use in the long hall, and close to her great delight it fitted! Alice opened the door and found that, as nearly as large as himself, and this was of very little use without my shoulders. Oh, how I wish you could see this, as she was out of the Shark, But, when the race was over. Alice was so full of tears, \'I do wish they WOULD not remember ever having heard of such a simple question,\' added the Gryphon; and then raised himself upon tiptoe, put his mouth close to her very much to-night, I should have croqueted the Queen\'s ears--\' the Rabbit noticed Alice, as she.', 'ernie37', '2019-10-07 17:48:17', '2019-10-07 17:48:17', 3),
(64, 'Consequatur ut quidem aspernatur animi voluptatem nihil.', 'Vel sit sed ut quisquam.', 'I am so VERY nearly at the bottom of a treacle-well--eh, stupid?\' \'But they were filled with tears running down his face, as long as I get it home?\' when it grunted again, so violently, that she had quite a commotion in the air. Even the Duchess said after a fashion, and this time she went on in a solemn tone, only changing the order of the hall: in fact she was now about a foot high: then she had to kneel down on her hand, and a fall, and a long argument with the next verse.\' \'But about his toes?\' the Mock Turtle interrupted, \'if you don\'t even know what it was: she was walking by the hand, it hurried off, without waiting for turns, quarrelling all the same, the next witness was the first to speak. \'What size do you know I\'m mad?\' said Alice. \'Off with their heads down and looked along.', 'hstiedemann', '2019-10-07 17:48:17', '2019-10-07 17:48:17', 3),
(65, 'Vel et est sit autem consequuntur quod qui explicabo eos officiis cum pariatur.', 'Provident officia sint maxime incidunt qui.', 'Dormouse,\' the Queen was close behind her, listening: so she went on. \'We had the best of educations--in fact, we went to school every day--\' \'I\'VE been to a mouse, That he met in the distance would take the place of the goldfish kept running in her life, and had no idea how confusing it is all the time they were lying on the OUTSIDE.\' He unfolded the paper as he found it advisable--\"\' \'Found WHAT?\' said the Mock Turtle, capering wildly about. \'Change lobsters again!\' yelled the Gryphon went on, very much to-night, I should think you\'ll feel it a bit, if you like!\' the Duchess was sitting next to her. The Cat only grinned a little before she found her way out. \'I shall sit here,\' he said, turning to the Hatter. \'Does YOUR watch tell you his history,\' As they walked off together, Alice.', 'jones.mariah', '2019-10-07 17:48:17', '2019-10-07 17:48:17', 6),
(66, 'Dolorem amet alias eligendi necessitatibus eligendi aut doloremque.', 'Nam cumque quia voluptatem quo neque cum.', 'Lobster Quadrille?\' the Gryphon repeated impatiently: \'it begins \"I passed by his garden.\"\' Alice did not see anything that looked like the tone of delight, which changed into alarm in another moment it was certainly not becoming. \'And that\'s the jury, and the other side, the puppy began a series of short charges at the Queen, turning purple. \'I won\'t!\' said Alice. \'Nothing WHATEVER?\' persisted the King. \'Then it ought to have him with them,\' the Mock Turtle. \'Very much indeed,\' said Alice. \'Come on, then,\' said the Hatter. \'Does YOUR watch tell you his history,\' As they walked off together, Alice heard it say to itself \'The Duchess! The Duchess! Oh my dear paws! Oh my dear Dinah! I wonder what was the matter on, What would become of me? They\'re dreadfully fond of beheading people here.', 'corwin.mallie', '2019-10-07 17:48:17', '2019-10-07 17:48:17', 4),
(67, 'Enim et aperiam dolor rem repellat facilis aut id provident unde.', 'Commodi neque totam cumque et et ipsa.', 'Queen,\' and she felt that she began shrinking directly. As soon as there was no use denying it. I suppose you\'ll be telling me next that you had been all the creatures order one about, and called out in a shrill, loud voice, and see that she wanted to send the hedgehog had unrolled itself, and began bowing to the beginning of the table, but it said in a deep voice, \'What are tarts made of?\' \'Pepper, mostly,\' said the Cat again, sitting on a three-legged stool in the distance, and she soon made out that she had someone to listen to her, \'if we had the dish as its share of the tea--\' \'The twinkling of the house before she made some tarts, All on a branch of a large canvas bag, which tied up at this moment the King, and the bright flower-beds and the Mock Turtle said: \'no wise fish would go.', 'xnolan', '2019-10-07 17:48:17', '2019-10-07 17:48:17', 3),
(68, 'Voluptate commodi voluptatem perferendis culpa culpa minima.', 'Placeat culpa quos suscipit et quod minima doloremque dolorum.', 'Gryphon, sighing in his turn; and both creatures hid their faces in their mouths; and the happy summer days. THE.', 'parmstrong', '2019-10-07 17:48:17', '2019-10-07 17:48:17', 1),
(69, 'Quod enim illo itaque veritatis fugiat doloribus nisi totam eligendi.', 'Incidunt sed quo laboriosam.', 'CHAPTER XII. Alice\'s Evidence \'Here!\' cried Alice, jumping up in her life, and had been anxiously looking across the field after it, and then hurried on, Alice started to her daughter \'Ah, my dear! I wish I hadn\'t cried so much!\' said Alice, whose thoughts were still running on the slate. \'Herald, read the accusation!\' said the Cat, and vanished again. Alice waited till the eyes appeared, and then added them up, and reduced the answer to shillings and pence. \'Take off your hat,\' the King said to itself \'The Duchess! The Duchess! Oh my fur and whiskers! She\'ll get me executed, as sure as ferrets are ferrets! Where CAN I have none, Why, I do it again and again.\' \'You are old,\' said the Hatter, with an M, such as mouse-traps, and the Queen\'s shrill cries to the shore, and then Alice put.', 'qnicolas', '2019-10-07 17:48:17', '2019-10-07 17:48:17', 2),
(70, 'Aliquid suscipit fugiat neque veritatis fugit minima autem sapiente alias et eos laudantium.', 'Quia possimus voluptas et dignissimos.', 'Alice. \'I\'ve read that in the world you fly, Like a tea-tray in the pool of tears which she found herself safe in a great thistle, to keep herself from being broken. She hastily put down yet, before the officer could get to twenty at that rate! However, the Multiplication Table doesn\'t signify: let\'s try the experiment?\' \'HE might bite,\' Alice cautiously replied: \'but I know all sorts of little Alice was so much about a thousand times as large as himself, and this was of very little use, as it could go, and making faces at him as he spoke, and added \'It isn\'t a letter, written by the carrier,\' she thought; \'and how funny it\'ll seem to put it in time,\' said the Dormouse, after thinking a minute or two, and the March Hare went on. \'We had the dish as its share of the ground--and I should.', 'darlene.kohler', '2019-10-07 17:48:17', '2019-10-07 17:48:17', 1),
(71, 'Quis labore delectus illum occaecati sit labore temporibus ratione minima tempora dolorum.', 'Rem et exercitationem qui ipsum adipisci adipisci non.', 'YOUR adventures.\' \'I could tell you his history,\' As they walked off together, Alice heard the King eagerly, and he wasn\'t one?\' Alice asked. \'We called him a fish)--and rapped loudly at the Mouse\'s tail; \'but why do you know what a dear quiet thing,\' Alice went on, \'you throw the--\' \'The lobsters!\' shouted the Queen, who was sitting next to her. \'I wish the creatures order one about, and make THEIR eyes bright and eager with many a strange tale, perhaps even with the Queen said severely \'Who is this?\' She said this she looked up, and there she saw maps and pictures hung upon pegs. She took down a large rabbit-hole under the table: she opened the door that led into the Dormouse\'s place, and Alice joined the procession, wondering very much to-night, I should be like then?\' And she went.', 'alysa43', '2019-10-07 17:48:17', '2019-10-07 17:48:17', 3),
(72, 'Et asperiores eum dolorem explicabo accusamus est.', 'Et aut et incidunt suscipit et id.', 'They had a vague sort of circle, (\'the exact shape doesn\'t matter,\' it said,) and then a row of lamps hanging from the shock of being all alone here!\' As she said to the shore. CHAPTER III. A Caucus-Race and a sad tale!\' said the Rabbit just under the window, and some \'unimportant.\' Alice could see, when she found herself in a minute. Alice began in a languid, sleepy voice. \'Who are YOU?\' said the Hatter; \'so I should say \"With what porpoise?\"\' \'Don\'t you mean by that?\' said the Queen, \'and take this young lady tells us a story.\' \'I\'m afraid I can\'t take more.\' \'You mean you can\'t be Mabel, for I know I do!\' said Alice hastily; \'but I\'m not particular as to size,\' Alice hastily replied; \'only one doesn\'t like changing so often, you know.\' He was an immense length of neck, which seemed to.', 'qlarson', '2019-10-07 17:48:17', '2019-10-07 17:48:17', 6),
(73, 'Non aut doloremque similique incidunt totam voluptatum.', 'Et eos aut voluptatem unde eaque excepturi ratione.', 'I will prosecute YOU.--Come, I\'ll take no denial; We must have been a RED rose-tree, and we put a white one in by mistake; and if the Queen jumped up and bawled out, \"He\'s murdering the time! Off with his head!\' or \'Off with her friend. When she got up in spite of all this time, sat down at her own courage. \'It\'s no use speaking to a mouse, That he met in the chimney close above her: then, saying to her that she began thinking over all she could not join the dance. Would not, could not, would not give all else for two Pennyworth only of beautiful Soup? Pennyworth only of beautiful Soup? Pennyworth only of beautiful Soup? Beau--ootiful Soo--oop! Beau--ootiful Soo--oop! Beau--ootiful Soo--oop! Soo--oop of the ground, Alice soon came to the executioner: \'fetch her here.\' And the moral of.', 'alice90', '2019-10-07 17:48:17', '2019-10-07 17:48:17', 4),
(74, 'Non molestiae magnam facilis deserunt illum aut numquam ipsa magni.', 'Ratione sunt pariatur repudiandae dolore voluptatem aut est.', 'Mock Turtle recovered his voice, and, with tears again as quickly as she spoke, but no result seemed to think about stopping herself before she came upon a low voice. \'Not at all,\' said Alice: \'she\'s so extremely--\' Just then she looked up, but it was neither more nor less than a rat-hole: she knelt down and saying \"Come up again, dear!\" I shall have to fly; and the party went back to yesterday, because I was sent for.\' \'You ought to have the experiment tried. \'Very true,\' said the King. \'I can\'t explain MYSELF, I\'m afraid, sir\' said Alice, and tried to beat time when she looked down, was an immense length of neck, which seemed to be beheaded!\' said Alice, \'how am I to do?\' said Alice. \'You are,\' said the Cat, \'a dog\'s not mad. You grant that?\' \'I suppose so,\' said the Gryphon, with a.', 'veronica86', '2019-10-07 17:48:17', '2019-10-07 17:48:17', 7),
(75, 'Sint perspiciatis placeat recusandae voluptate repellendus excepturi porro ipsa quis et ex qui omnis incidunt.', 'Consequatur perferendis eveniet rerum in saepe dolore.', 'And concluded the banquet--] \'What IS the use of repeating all that stuff,\' the Mock Turtle said with some difficulty, as it spoke. \'As wet as ever,\' said Alice hastily; \'but I\'m not the right size for ten minutes together!\' \'Can\'t remember WHAT things?\' said the Duchess, \'chop off her knowledge, as there was a large one, but it was out of sight, he said to live. \'I\'ve seen a good deal on where you want to get in?\' \'There might be some sense in your knocking,\' the Footman went on talking: \'Dear, dear! How queer everything is queer to-day.\' Just then she looked down into a conversation. Alice felt so desperate that she ran with all their simple sorrows, and find a pleasure in all my life!\' She had just begun \'Well, of all the party were placed along the course, here and there she saw.', 'maynard00', '2019-10-07 17:48:17', '2019-10-07 17:48:17', 3),
(76, 'Quis suscipit asperiores vitae et aut beatae odio.', 'Aperiam et perspiciatis sint facere ut.', 'Alice could see her after the birds! Why, she\'ll eat a little pattering of footsteps in the world you fly, Like a tea-tray in the other. \'I beg your pardon!\' she exclaimed in a hurry that she was now about two feet high: even then she looked down, was an old Turtle--we used to queer things happening. While she was exactly the right size again; and the little door, had vanished completely. Very soon the Rabbit whispered in a day is very confusing.\' \'It isn\'t,\' said the last concert!\' on which the cook was busily stirring the soup, and seemed not to be talking in his confusion he bit a large canvas bag, which tied up at the top of it. Presently the Rabbit whispered in reply, \'for fear they should forget them before the end of trials, \"There was some attempts at applause, which was full of.', 'dharris', '2019-10-07 17:48:17', '2019-10-07 17:48:17', 5),
(77, 'Eligendi dolorem non nobis incidunt provident laboriosam omnis ut at eaque iste.', 'Ea voluptas quos quidem.', 'Alice, swallowing down her anger as well as she spoke, but no result seemed to have lessons to learn! Oh, I shouldn\'t like THAT!\' \'Oh, you foolish Alice!\' she answered herself. \'How can you learn lessons in here? Why, there\'s hardly room to open it; but, as the Dormouse sulkily remarked, \'If you please, sir--\' The Rabbit Sends in a low trembling voice, \'Let us get to the jury, in a shrill, loud voice, and see what would happen next. \'It\'s--it\'s a very small cake, on which the cook was busily stirring the soup, and seemed to be found: all she could for sneezing. There was a very curious to see the Queen. \'I haven\'t the least notice of them with large round eyes, and feebly stretching out one paw, trying to fix on one, the cook had disappeared. \'Never mind!\' said the Queen. First came ten.', 'oblick', '2019-10-07 17:48:17', '2019-10-07 17:48:17', 6),
(78, 'Earum sit qui delectus modi voluptatem magnam sint voluptas quis.', 'Quia quidem tempora sapiente blanditiis.', 'Alice \'without pictures or conversations?\' So she set to work at once in her face, with such a neck as that! No, no! You\'re a serpent; and there\'s no use speaking to a lobster--\' (Alice began to tremble. Alice looked all round her head. Still she went on just as if nothing had happened. \'How am I to get rather sleepy, and went on eagerly: \'There is such a thing. After a while, finding that nothing more happened, she decided on going into the way out of breath, and till the puppy\'s bark sounded quite faint in the lock, and to her head, she tried another question. \'What sort of circle, (\'the exact shape doesn\'t matter,\' it said,) and then the different branches of Arithmetic--Ambition, Distraction, Uglification, and Derision.\' \'I never thought about it,\' added the Gryphon; and then raised.', 'qdamore', '2019-10-07 17:48:17', '2019-10-07 17:48:17', 7),
(79, 'Impedit fugit qui error sit illum rerum placeat doloribus vitae impedit enim impedit.', 'Ea praesentium eligendi qui ullam omnis omnis.', 'Hatter, \'or you\'ll be asleep again before it\'s done.\' \'Once upon a heap of sticks and dry leaves, and the words don\'t FIT you,\' said the Dormouse. \'Don\'t talk nonsense,\' said Alice desperately: \'he\'s perfectly idiotic!\' And she tried to speak, and no room to open her mouth; but she could even make out at the cook till his eyes were getting so used to read fairy-tales, I fancied that kind of thing that would happen: \'\"Miss Alice! Come here directly, and get ready to agree to everything that Alice had never heard before, \'Sure then I\'m here! Digging for apples, yer honour!\' (He pronounced it \'arrum.\') \'An arm, you goose! Who ever saw one that size? Why, it fills the whole party look so grave that she did not seem to be\"--or if you\'d rather not.\' \'We indeed!\' cried the Mock Turtle\'s Story.', 'pouros.patsy', '2019-10-07 17:48:17', '2019-10-07 17:48:17', 3),
(80, 'Nam nihil rerum aut fugit reprehenderit quia atque eum.', 'Omnis incidunt molestiae consequatur labore voluptates perspiciatis.', 'Alice; \'but when you throw them, and all must have been a holiday?\' \'Of course not,\' Alice cautiously replied: \'but I know I have ordered\'; and she jumped up on tiptoe, and peeped over the list, feeling very glad that it had a head unless there was nothing so VERY tired of this. I vote the young lady tells us a story.\' \'I\'m afraid I\'ve offended it again!\' For the Mouse was speaking, and this Alice would not join the dance? \"You can really have no notion how long ago anything had happened.) So she tucked her arm affectionately into Alice\'s, and they can\'t prove I did: there\'s no use in saying anything more till the puppy\'s bark sounded quite faint in the book,\' said the Hatter. \'Nor I,\' said the Mock Turtle, \'Drive on, old fellow! Don\'t be all day about it!\' Last came a rumbling of little.', 'ystroman', '2019-10-07 17:48:17', '2019-10-07 17:48:17', 4),
(81, 'Consequatur rerum quam expedita omnis sequi nemo hic vel.', 'Saepe aut totam voluptatum rerum quia incidunt consectetur maxime.', 'Alice, so please your Majesty!\' the soldiers remaining behind to execute the unfortunate gardeners, who ran to Alice for some time with great curiosity. \'It\'s a friend of mine--a Cheshire Cat,\' said Alice: \'three inches is such a puzzled expression that she was now more than nine feet high. \'I wish I hadn\'t begun my tea--not above a week or so--and what with the words \'DRINK ME\' beautifully printed on it in a low, weak voice. \'Now, I give it up,\' Alice replied: \'what\'s the answer?\' \'I haven\'t the least idea what a Gryphon is, look at it!\' This speech caused a remarkable sensation among the party. Some of the Queen\'s absence, and were resting in the pool as it happens; and if the Mock Turtle: \'nine the next, and so on.\' \'What a number of executions the Queen never left off sneezing by.', 'layne64', '2019-10-07 17:48:17', '2019-10-07 17:48:17', 2),
(82, 'Nam voluptatem fugit recusandae quidem ea ut laudantium.', 'Laudantium molestiae nisi voluptatibus quam eveniet.', 'Alice herself, and nibbled a little bit, and said to herself; \'I should have liked teaching it tricks very much, if--if I\'d only been the whiting,\' said Alice, (she had kept a piece of evidence we\'ve heard yet,\' said Alice; \'living at the cook, to see if she had brought herself down to look over their slates; \'but it doesn\'t matter a bit,\' said the Gryphon whispered in reply, \'for fear they should forget them before the trial\'s begun.\' \'They\'re putting down their names,\' the Gryphon replied very gravely. \'What else have you executed.\' The miserable Hatter dropped his teacup and bread-and-butter, and then dipped suddenly down, so suddenly that Alice could bear: she got back to my right size: the next verse.\' \'But about his toes?\' the Mock Turtle, and to hear her try and repeat \"\'TIS THE.', 'rosella.labadie', '2019-10-07 17:48:17', '2019-10-07 17:48:17', 2),
(83, 'Eum ratione voluptatem dolorum soluta quibusdam sapiente qui.', 'Iure qui sed voluptates et.', 'March Hare went on. \'Or would you tell me, Pat, what\'s that in the book,\' said the Dormouse, without considering at all like the right size for ten minutes together!\' \'Can\'t remember WHAT things?\' said the Hatter. \'You MUST remember,\' remarked the King, looking round the thistle again; then the different branches of Arithmetic--Ambition, Distraction, Uglification, and Derision.\' \'I never heard of uglifying!\' it exclaimed. \'You know what to do, and in despair she put one arm out of sight. Alice remained looking thoughtfully at the bottom of the Gryphon, \'she wants for to know when the White Rabbit, with a table in the world! Oh, my dear paws! Oh my dear paws! Oh my fur and whiskers! She\'ll get me executed, as sure as ferrets are ferrets! Where CAN I have ordered\'; and she crossed her.', 'bradford16', '2019-10-07 17:48:17', '2019-10-07 17:48:17', 1),
(84, 'Rerum doloribus nesciunt molestias rerum iste consequatur illo.', 'Aut sed odit rerum assumenda asperiores et.', 'Cheshire Cat,\' said Alice: \'besides, that\'s not a VERY turn-up nose, much more like a serpent. She had already heard her voice close to them, and it\'ll sit up and said, \'It was much pleasanter at home,\' thought poor Alice, that she tipped over the list, feeling very curious to know what to do, and perhaps after all it might end, you know,\' said the Cat. \'--so long as you are; secondly, because they\'re making such VERY short remarks, and she was about a foot high: then she walked down the hall. After a minute or two sobs choked his voice. \'Same as if he were trying which word sounded best. Some of the busy farm-yard--while the lowing of the lefthand bit of mushroom, and raised herself to some tea and bread-and-butter, and then the Rabbit\'s voice along--\'Catch him, you by the pope, was.', 'xward', '2019-10-07 17:48:17', '2019-10-07 17:48:17', 4),
(85, 'Mollitia nostrum accusamus est recusandae molestias dolor doloribus officia enim.', 'Facere totam quo qui nisi.', 'I\'m here! Digging for apples, yer honour!\' \'Digging for apples, indeed!\' said the Mock Turtle: \'why, if a fish came to the executioner: \'fetch her here.\' And the Gryphon whispered in a furious passion, and went to him,\' the Mock Turtle sighed deeply, and drew the back of one flapper across his eyes. \'I wasn\'t asleep,\' he said to herself. \'Shy, they seem to be\"--or if you\'d like it very much,\' said Alice, \'it\'s very easy to know your history, she do.\' \'I\'ll tell it her,\' said the youth, \'and your jaws are too weak For anything tougher than suet; Yet you finished the guinea-pigs!\' thought Alice. \'I\'m glad they\'ve begun asking riddles.--I believe I can do without lobsters, you know. Come on!\' \'Everybody says \"come on!\" here,\' thought Alice, \'as all the jelly-fish out of its voice. \'Back to.', 'weber.esta', '2019-10-07 17:48:17', '2019-10-07 17:48:17', 2),
(86, 'Sapiente qui rerum velit in ea ea error ipsam.', 'Laudantium debitis vitae eum.', 'Mock Turtle persisted. \'How COULD he turn them out again. The Mock Turtle\'s Story \'You can\'t think how glad I am in the kitchen. \'When I\'M a Duchess,\' she said to herself; \'the March Hare said--\' \'I didn\'t!\' the March Hare. \'It was a little before she got back to finish his story. CHAPTER IV. The Rabbit Sends in a soothing tone: \'don\'t be angry about it. And yet I wish I hadn\'t gone down that rabbit-hole--and yet--and yet--it\'s rather curious, you know, this sort of present!\' thought Alice. \'I mean what I should like to hear it say, as it turned round and get ready to agree to everything that Alice said; \'there\'s a large dish of tarts upon it: they looked so good, that it was very hot, she kept fanning herself all the players, except the Lizard, who seemed to be full of soup. \'There\'s.', 'jasen.krajcik', '2019-10-07 17:48:17', '2019-10-07 17:48:17', 2),
(87, 'Omnis dolor vitae dignissimos et est deleniti vel mollitia cumque voluptatem facilis.', 'Libero occaecati illo necessitatibus qui.', 'March Hare and his friends shared their never-ending meal, and the three gardeners who were giving it something out of its mouth, and addressed her in a helpless sort of a globe of goldfish she had finished, her sister on the same when I grow up, I\'ll write one--but I\'m grown up now,\' she added in a minute. Alice began in a tone of the garden, and I never knew so much into the open air. \'IF I don\'t understand. Where did they live at the beginning,\' the King added in an offended tone, \'was, that the pebbles were all writing very busily on slates. \'What are you getting on now, my dear?\' it continued, turning to the door, and knocked. \'There\'s no such thing!\' Alice was just in time to be a queer thing, to be done, I wonder?\' And here Alice began to feel a little snappishly. \'You\'re enough.', 'delta.rodriguez', '2019-10-07 17:48:17', '2019-10-07 17:48:17', 5),
(88, 'Odio autem omnis quasi expedita mollitia et quo nostrum nulla aperiam labore.', 'Et dignissimos aut debitis ut non.', 'Alice went on to her daughter \'Ah, my dear! I shall be late!\' (when she thought of herself, \'I don\'t know what it might not escape again, and all the jurymen are back in their mouths; and the King hastily said, and went on just as the hall was very uncomfortable, and, as she ran. \'How surprised he\'ll be when he sneezes; For he can EVEN finish, if he would deny it too: but the cook had disappeared. \'Never mind!\' said the Hatter, and, just as well. The twelve jurors were writing down \'stupid things!\' on their backs was the only difficulty was, that anything that looked like the name: however, it only grinned when it had been. But her sister was reading, but it did not like the name: however, it only grinned a little more conversation with her head!\' Alice glanced rather anxiously at the.', 'aaron.champlin', '2019-10-07 17:48:17', '2019-10-07 17:48:17', 1),
(89, 'Consectetur exercitationem alias nostrum est libero excepturi.', 'Totam mollitia eligendi ut quia delectus quo labore voluptatem.', 'THAT\'S a good opportunity for making her escape; so she went on: \'--that begins with an air of great surprise. \'Of course you know about it, you know.\' \'Who is this?\' She said the King say in a hot tureen! Who for such dainties would not allow without knowing how old it was, and, as the March Hare said--\' \'I didn\'t!\' the March Hare. \'It was the same solemn tone, only changing the order of the shelves as she had been looking over their heads. She felt that there ought! And when I got up in a low voice, \'Why the fact is, you ARE a simpleton.\' Alice did not quite sure whether it was looking at them with one of the sea.\' \'I couldn\'t help it,\' she said to herself \'It\'s the stupidest tea-party I ever was at in all my limbs very supple By the use of a treacle-well--eh, stupid?\' \'But they were.', 'annabell01', '2019-10-07 17:48:17', '2019-10-07 17:48:17', 2),
(90, 'Est quia sequi rerum accusantium rerum quia quas.', 'Fugiat fugiat dignissimos incidunt quas sed dolores architecto.', 'Cheshire Cat, she was getting very sleepy; \'and they drew all manner of things--everything that begins with an M?\' said Alice. \'I mean what I should like to show you! A little bright-eyed terrier, you know, and he went on in the flurry of the ground.\' So she began thinking over other children she knew, who might do very well without--Maybe it\'s always pepper that makes people hot-tempered,\' she went on, half to itself, \'Oh dear! Oh dear! I\'d nearly forgotten that I\'ve got to grow up any more if you\'d rather not.\' \'We indeed!\' cried the Mock Turtle said: \'I\'m too stiff. And the moral of that is--\"Oh, \'tis love, \'tis love, that makes them bitter--and--and barley-sugar and such things that make children sweet-tempered. I only wish people knew that: then they both bowed low, and their slates.', 'nicholaus76', '2019-10-07 17:48:17', '2019-10-07 17:48:17', 3),
(91, 'Architecto suscipit error deserunt rerum ex qui nisi est placeat hic excepturi unde reiciendis.', 'Sed vero cupiditate quia accusantium vero rerum dolorem.', 'The Knave of Hearts, she made some tarts, All on a three-legged stool in the distance would take the roof was thatched with fur. It was opened by another footman in livery came running out of their hearing her; and the others all joined in chorus, \'Yes, please do!\' pleaded Alice. \'And be quick about it,\' added the Queen. \'Sentence first--verdict afterwards.\' \'Stuff and nonsense!\' said Alice indignantly, and she crossed her hands up to the tarts on the hearth and grinning from ear to ear. \'Please would you like the look of the suppressed guinea-pigs, filled the air, I\'m afraid, but you might do something better with the glass table as before, \'and things are \"much of a sea of green leaves that lay far below her. \'What CAN all that green stuff be?\' said Alice. \'I\'ve so often read in the.', 'neoma96', '2019-10-07 17:48:17', '2019-10-07 17:48:17', 7),
(92, 'Est sunt consequuntur et eos maxime sunt voluptas nulla eum.', 'Doloremque ipsa iste alias dolorem sit consequatur.', 'SIT down,\' the King said gravely, \'and go on till you come to the executioner: \'fetch her here.\' And the executioner ran wildly up and throw us, with the bread-and-butter getting so thin--and the twinkling of the way--\' \'THAT generally takes some time,\' interrupted the Hatter: \'let\'s all move one place on.\' He moved on as he said to a mouse, you know. Please, Ma\'am, is this New Zealand or Australia?\' (and she tried another question. \'What sort of people live about here?\' \'In THAT direction,\' waving the other side. The further off from England the nearer is to give the prizes?\' quite a long argument with the glass table as before, \'and things are \"much of a well?\' \'Take some more bread-and-butter--\' \'But what am I to get us dry would be so kind,\' Alice replied, rather shyly, \'I--I hardly.', 'akirlin', '2019-10-07 17:48:17', '2019-10-07 17:48:17', 4),
(93, 'Et quia deleniti quaerat veniam et quibusdam dolorem eum qui reprehenderit facere aspernatur eveniet.', 'Distinctio quia assumenda fugiat quidem aut.', 'Alice knew it was talking in his throat,\' said the King: \'leave out that it was certainly English. \'I don\'t quite understand you,\' she said, \'and see whether it\'s marked \"poison\" or not\'; for she had tired herself out with trying, the poor little thing sat down with her friend. When she got into a cucumber-frame, or something of the Mock Turtle. \'No, no! The adventures first,\' said the Cat. \'I said pig,\' replied Alice; \'and I do hope it\'ll make me larger, it must be removed,\' said the Cat, \'a dog\'s not mad. You grant that?\' \'I suppose so,\' said Alice. \'Why not?\' said the Mock Turtle is.\' \'It\'s the thing yourself, some winter day, I will just explain to you how the Dodo had paused as if she had gone through that day. \'A likely story indeed!\' said the Hatter, with an M?\' said Alice.', 'haylie.reilly', '2019-10-07 17:48:17', '2019-10-07 17:48:17', 5),
(94, 'Ipsa eligendi unde sapiente velit nobis ut ad reprehenderit quo omnis.', 'Enim praesentium modi corporis aut est ratione.', 'I only knew how to set about it; if I\'m Mabel, I\'ll stay down here! It\'ll be no chance of this, so that her neck would bend about easily in any direction, like a writing-desk?\' \'Come, we shall get on better.\' \'I\'d rather not,\' the Cat said, waving its right ear and left off when they passed too close, and waving their forepaws to mark the time, while the rest of it now in sight, hurrying down it. There was a body to cut it off from: that he had to be a LITTLE larger, sir, if you wouldn\'t keep appearing and vanishing so suddenly: you make one repeat lessons!\' thought Alice; \'I must be getting somewhere near the door, and the small ones choked and had no pictures or conversations in it, \'and what is the same age as herself, to see that queer little toss of her skirt, upsetting all the.', 'lydia40', '2019-10-07 17:48:17', '2019-10-07 17:48:17', 4),
(95, 'Vel expedita est ut aut mollitia quos consectetur quod sunt doloremque.', 'Laborum doloremque pariatur nostrum dolor.', 'Go on!\' \'I\'m a poor man,\' the Hatter went on, half to herself, \'Now, what am I to do so. \'Shall we try another figure of the doors of the jury asked. \'That I can\'t be civil, you\'d better leave off,\' said the Pigeon. \'I\'m NOT a serpent, I tell you, you coward!\' and at once took up the other, looking uneasily at the time he was in March.\' As she said to herself; \'I should have croqueted the Queen\'s ears--\' the Rabbit angrily. \'Here! Come and help me out of the shepherd boy--and the sneeze of the door and found that, as nearly as she could not swim. He sent them word I had our Dinah here, I know I do!\' said Alice to herself. \'I dare say you\'re wondering why I don\'t understand. Where did they draw?\' said Alice, \'I\'ve often seen them at last, with a round face, and was delighted to find.', 'kstoltenberg', '2019-10-07 17:48:17', '2019-10-07 17:48:17', 5),
(97, 'Dolorem ut dolores voluptate aut est recusandae et quia reprehenderit hic quo alias omnis totam.', 'Vitae aliquid accusantium sed iure sint rerum nam.', 'BEST butter,\' the March Hare. \'Exactly so,\' said the Queen. First came ten soldiers carrying clubs; these were all locked; and when she had to be lost, as she could, for her to carry it further. So she began thinking over all she could not make out which were the verses on his knee, and looking anxiously about her. \'Oh, do let me help to undo it!\' \'I shall be punished for it was all finished, the Owl, as a partner!\' cried the Gryphon, and the procession came opposite to Alice, and she hastily dried her eyes filled with cupboards and book-shelves; here and there they are!\' said the Hatter. \'He won\'t stand beating. Now, if you like,\' said the Caterpillar. Alice folded her hands, and was in the house opened, and a fall, and a large caterpillar, that was sitting on the Duchess\'s cook. She.', 'terry.sarina', '2019-10-07 17:48:17', '2019-10-07 17:48:17', 4),
(98, 'Impedit aut nihil quis dolor molestiae et velit quis facere reiciendis voluptates.', 'Optio praesentium nesciunt repellat repellendus.', 'The poor little thing sobbed again (or grunted, it was only a mouse that had a head unless there was a treacle-well.\' \'There\'s no sort of life! I do hope it\'ll make me grow large again, for really I\'m quite tired of being all alone here!\' As she said to herself, being rather proud of it: for she thought, and rightly too, that very few things indeed were really impossible. There seemed to be patted on the floor, and a crash of broken glass, from which she found that her idea of the room again, no wonder she felt very glad to find that she let the jury--\' \'If any one of the song. \'What trial is it?\' \'Why,\' said the King, \'unless it was growing, and very soon found an opportunity of showing off a head unless there was a different person then.\' \'Explain all that,\' he said to herself how she.', 'herman.ashlee', '2019-10-07 17:48:17', '2019-10-07 17:48:17', 7),
(99, 'Quia eos distinctio et rerum sed ipsam enim atque nulla ut.', 'Occaecati est illo et.', 'Alice had learnt several things of this was her turn or not. \'Oh, PLEASE mind what you\'re doing!\' cried Alice, quite forgetting that she looked up, but it all seemed quite dull and stupid for life to go down the chimney close above her: then, saying to her daughter \'Ah, my dear! Let this be a Caucus-race.\' \'What IS a Caucus-race?\' said Alice; \'that\'s not at all this grand procession, came THE KING AND QUEEN OF HEARTS. Alice was only the pepper that makes you forget to talk. I can\'t show it you myself,\' the Mock Turtle to sing \"Twinkle, twinkle, little bat! How I wonder if I\'ve kept her eyes anxiously fixed on it, and behind it was perfectly round, she found a little girl,\' said Alice, who was beginning to feel a little house in it about four inches deep and reaching half down the.', 'srice', '2019-10-07 17:48:17', '2019-10-07 17:48:17', 4),
(100, 'Reprehenderit quos pariatur accusantium iure error aut et eveniet neque vero pariatur sunt quisquam.', 'Dolores unde atque ut deleniti.', 'I\'d hardly finished the guinea-pigs!\' thought Alice. \'I\'m glad I\'ve seen that done,\' thought Alice. \'I\'ve read that in some book, but I don\'t take this child away with me,\' thought Alice, \'as all the while, till at last turned sulky, and would only say, \'I am older than I am very tired of swimming about here, O Mouse!\' (Alice thought this a very pretty dance,\' said Alice indignantly. \'Let me alone!\' \'Serpent, I say again!\' repeated the Pigeon, but in a trembling voice to its feet, ran round the neck of the words \'EAT ME\' were beautifully marked in currants. \'Well, I\'ll eat it,\' said the Cat, and vanished. Alice was thoroughly puzzled. \'Does the boots and shoes!\' she repeated in a thick wood. \'The first thing she heard the Queen\'s ears--\' the Rabbit coming to look through into the roof.', 'meagan.torp', '2019-10-07 17:48:17', '2019-10-07 17:48:17', 7),
(101, 'sss', 'ssss', 'ssss', 'ssss', '2019-10-08 06:28:09', '2019-10-08 06:28:09', 2),
(102, 'rrrr', 'rrrr', 'rrrr', 'rrrrrr', '2019-10-08 06:28:26', '2019-10-08 06:28:26', 2),
(103, 'offro lavoro', 'offreo lavoro baby sitter', 'zona milano', 'carlo90', '2019-10-08 06:29:08', '2019-10-08 06:29:08', 4),
(105, 'zxcvzxv', 'zxcvzxv', 'zxcvzxcvz', 'xcvzxcvzxvzxcvzxcvz', '2019-10-08 07:05:38', '2019-10-08 07:05:38', 1),
(106, 'politica', 'asdfa', 'kkkhklh', 'khlhlkh', '2019-10-08 07:06:35', '2019-10-08 07:06:35', 2),
(107, 'dsd', 'ddd', 'ddd', 'dddd', '2019-10-08 07:07:23', '2019-10-08 07:07:23', 1),
(110, 'xbn', 'xgngb', 'xvn', 'xcvn', '2019-10-08 07:12:33', '2019-10-08 07:12:33', 1),
(111, 'xbn', 'xgngb', 'xvn', 'xcvn', '2019-10-08 07:12:44', '2019-10-08 07:12:44', 1),
(112, 'ultimo', 'ualdf', 'jaklsdjfl', 'lkasdjflkjsdflkjasldfkjlaskdfadsfa', '2019-10-08 07:58:42', '2019-10-08 07:58:42', 1),
(113, 'nuovo', 'asldkfj', 'laksjfd', 'laksdfjl', '2019-10-08 07:59:42', '2019-10-08 07:59:42', 2),
(114, 'NUOVO', 'ASDFAS', 'ASDFASD', 'ASDFA', '2019-10-08 08:06:34', '2019-10-08 08:06:34', 1),
(115, 'sd', 'ASDAd', 'ASD', 'Ad', '2019-10-08 08:27:05', '2019-10-08 08:27:05', 1),
(116, 'sss', 'sss', 'sss', 'sss', '2019-10-08 08:27:42', '2019-10-08 08:27:42', 1),
(117, 'sss', 'sss', 'sss', 'sss', '2019-10-08 08:28:16', '2019-10-08 08:28:16', 1),
(118, 'sss', 'sss', 'sss', 'sss', '2019-10-08 08:29:42', '2019-10-08 08:29:42', 1),
(119, 'ss', 'qq', 'qw', 'err', '2019-10-08 08:30:20', '2019-10-08 08:30:20', 7),
(120, 'ss', 'qq', 'qw', 'err', '2019-10-08 08:30:36', '2019-10-08 08:30:36', 7),
(121, 'ss', 'qq', 'qw', 'err', '2019-10-08 08:30:52', '2019-10-08 08:30:52', 7),
(122, 'ss', 'qq', 'qw', 'err', '2019-10-08 08:32:06', '2019-10-08 08:32:06', 7),
(123, 'ss', 'qq', 'qw', 'err', '2019-10-08 08:32:23', '2019-10-08 08:32:23', 7),
(124, 'ss', 'qq', 'qw', 'err', '2019-10-08 08:35:15', '2019-10-08 08:35:15', 7),
(125, 'We', 'qwe', 'qwe', 'qwerqwe', '2019-10-08 08:35:26', '2019-10-08 08:35:26', 5),
(126, '3r1', '123', 'wer', 'qwer', '2019-10-08 08:36:02', '2019-10-08 08:36:02', 3),
(127, 'wqe', 'qwe', 'we', 'wwwww', '2019-10-08 08:36:59', '2019-10-08 08:36:59', 2),
(128, 'wqe', 'qwe', 'we', 'wwwww', '2019-10-08 08:45:28', '2019-10-08 08:45:28', 2),
(129, 'yiop', 'yiop', 'yiop', 'yiopiop', '2019-10-08 08:45:59', '2019-10-08 08:45:59', 1),
(130, 'yiop', 'yiop', 'yiop', 'yiopiop', '2019-10-08 08:46:19', '2019-10-08 08:46:19', 1),
(131, 'yiop', 'yiop', 'yiop', 'yiopiop', '2019-10-08 08:49:14', '2019-10-08 08:49:14', 1),
(132, 'yiop', 'yiop', 'yiop', 'yiopiop', '2019-10-08 08:50:49', '2019-10-08 08:50:49', 1),
(133, 'yiop', 'yiop', 'yiop', 'yiopiop', '2019-10-08 08:54:07', '2019-10-08 08:54:07', 1),
(134, 'yiop', 'yiop', 'yiop', 'yiopiop', '2019-10-08 08:56:18', '2019-10-08 08:56:18', 1),
(136, 'yiop', 'yiop', 'yiop', 'yiopiop', '2019-10-08 08:58:15', '2019-10-08 08:58:15', 1),
(139, 'yiop', 'yiop', 'yiop', 'yiopiop', '2019-10-08 09:01:08', '2019-10-08 09:01:08', 1),
(140, 'yiop', 'yiop', 'yiop', 'yiopiop', '2019-10-08 09:02:09', '2019-10-08 09:02:09', 1),
(141, 'yiop', 'yiop', 'yiop', 'yiopiop', '2019-10-08 09:02:15', '2019-10-08 09:02:15', 1),
(142, 'yiop', 'yiop', 'yiop', 'yiopiop', '2019-10-08 09:03:51', '2019-10-08 09:03:51', 1),
(144, 'yiop', 'yiop', 'yiop', 'yiopiop', '2019-10-08 09:04:55', '2019-10-08 09:04:55', 1),
(146, 'yiop', 'yiop', 'yiop', 'yiopiop', '2019-10-08 09:07:28', '2019-10-08 09:07:28', 1),
(147, 'yiop', 'yiop', 'yiop', 'yiopiop', '2019-10-08 09:08:27', '2019-10-08 09:08:27', 1),
(148, 'yiop', 'yiop', 'yiop', 'yiopiop', '2019-10-08 09:08:31', '2019-10-08 09:08:31', 1),
(153, 'sss', 'sss', '<b>ciaosss</b>', 'sss', '2019-10-08 19:48:49', '2019-10-08 19:48:49', 1),
(154, 'eee', 'eee', 'eee', 'eeee', '2019-10-08 19:49:15', '2019-10-08 19:49:15', 1),
(155, 'eee2', 'eeee2', '<b>eee</b>', 'rrrr', '2019-10-08 19:49:48', '2019-10-08 19:49:48', 2);

-- --------------------------------------------------------

--
-- Struttura della tabella `users`
--

CREATE TABLE `users` (
  `id` bigint(20) UNSIGNED NOT NULL,
  `name` varchar(255) COLLATE utf8mb4_unicode_ci NOT NULL,
  `email` varchar(255) COLLATE utf8mb4_unicode_ci NOT NULL,
  `email_verified_at` timestamp NULL DEFAULT NULL,
  `password` varchar(255) COLLATE utf8mb4_unicode_ci NOT NULL,
  `remember_token` varchar(100) COLLATE utf8mb4_unicode_ci DEFAULT NULL,
  `created_at` timestamp NULL DEFAULT NULL,
  `updated_at` timestamp NULL DEFAULT NULL
) ENGINE=InnoDB DEFAULT CHARSET=utf8mb4 COLLATE=utf8mb4_unicode_ci;

--
-- Indici per le tabelle scaricate
--

--
-- Indici per le tabelle `categories`
--
ALTER TABLE `categories`
  ADD PRIMARY KEY (`id`);

--
-- Indici per le tabelle `failed_jobs`
--
ALTER TABLE `failed_jobs`
  ADD PRIMARY KEY (`id`);

--
-- Indici per le tabelle `migrations`
--
ALTER TABLE `migrations`
  ADD PRIMARY KEY (`id`);

--
-- Indici per le tabelle `password_resets`
--
ALTER TABLE `password_resets`
  ADD KEY `password_resets_email_index` (`email`);

--
-- Indici per le tabelle `posts`
--
ALTER TABLE `posts`
  ADD PRIMARY KEY (`id`),
  ADD KEY `posts_category_id_index` (`category_id`);

--
-- Indici per le tabelle `users`
--
ALTER TABLE `users`
  ADD PRIMARY KEY (`id`),
  ADD UNIQUE KEY `users_email_unique` (`email`);

--
-- AUTO_INCREMENT per le tabelle scaricate
--

--
-- AUTO_INCREMENT per la tabella `categories`
--
ALTER TABLE `categories`
  MODIFY `id` bigint(20) UNSIGNED NOT NULL AUTO_INCREMENT, AUTO_INCREMENT=9;

--
-- AUTO_INCREMENT per la tabella `failed_jobs`
--
ALTER TABLE `failed_jobs`
  MODIFY `id` bigint(20) UNSIGNED NOT NULL AUTO_INCREMENT;

--
-- AUTO_INCREMENT per la tabella `migrations`
--
ALTER TABLE `migrations`
  MODIFY `id` int(10) UNSIGNED NOT NULL AUTO_INCREMENT, AUTO_INCREMENT=37;

--
-- AUTO_INCREMENT per la tabella `posts`
--
ALTER TABLE `posts`
  MODIFY `id` bigint(20) UNSIGNED NOT NULL AUTO_INCREMENT, AUTO_INCREMENT=156;

--
-- AUTO_INCREMENT per la tabella `users`
--
ALTER TABLE `users`
  MODIFY `id` bigint(20) UNSIGNED NOT NULL AUTO_INCREMENT;

--
-- Limiti per le tabelle scaricate
--

--
-- Limiti per la tabella `posts`
--
ALTER TABLE `posts`
  ADD CONSTRAINT `relationPostCategory` FOREIGN KEY (`category_id`) REFERENCES `categories` (`id`);
COMMIT;

/*!40101 SET CHARACTER_SET_CLIENT=@OLD_CHARACTER_SET_CLIENT */;
/*!40101 SET CHARACTER_SET_RESULTS=@OLD_CHARACTER_SET_RESULTS */;
/*!40101 SET COLLATION_CONNECTION=@OLD_COLLATION_CONNECTION */;
